id,name,yearpublished,rank,bayesaverage,average,usersrated,is_expansion,abstracts_rank,cgs_rank,childrensgames_rank,familygames_rank,partygames_rank,strategygames_rank,thematic_rank,wargames_rank
224517,"Brass: Birmingham",2018,1,8.39466,8.56668,57414,0,,,,,,1,,
342942,"Ark Nova",2021,2,8.35525,8.54234,59892,0,,,,,,2,,
161936,"Pandemic Legacy: Season 1",2015,3,8.34776,8.50414,57165,0,,,,,,3,1,
174430,Gloomhaven,2017,4,8.30202,8.54302,66842,0,,,,,,5,2,
397598,"Dune: Imperium – Uprising",2023,5,8.22598,8.70499,17449,0,,,,,,4,,
316554,"Dune: Imperium",2020,6,8.22368,8.41395,57615,0,,,,,,7,,
233078,"Twilight Imperium: Fourth Edition",2017,7,8.21916,8.56495,28083,0,,,,,,6,4,
115746,"War of the Ring: Second Edition",2011,8,8.1973,8.55252,24869,0,,,,,,,3,1
167791,"Terraforming Mars",2016,9,8.18842,8.33925,112182,0,,,,,,8,,
187645,"Star Wars: Rebellion",2016,10,8.1671,8.42142,36112,0,,,,,,,5,
162886,"Spirit Island",2017,11,8.14183,8.34051,62291,0,,,,,,10,,
291457,"Gloomhaven: Jaws of the Lion",2020,12,8.1004,8.36526,40681,0,,,,,,12,8,
220308,"Gaia Project",2017,13,8.08902,8.35278,31018,0,,,,,,9,,
12333,"Twilight Struggle",2005,14,8.042,8.22941,51848,0,,,,,,16,,2
84876,"The Castles of Burgundy",2011,15,8.02994,8.15963,69007,0,,,,,,17,,
182028,"Through the Ages: A New Story of Civilization",2015,16,8.01635,8.25049,34644,0,,,,,,15,,
418059,"SETI: Search for Extraterrestrial Intelligence",2024,17,8.01175,8.41956,18279,0,,,,,,14,,
338960,"Slay the Spire: The Board Game",2024,18,8.00518,8.66093,11902,0,,,,,,13,,
193738,"Great Western Trail",2016,19,7.97687,8.15138,43597,0,,,,,,21,,
295770,Frosthaven,2022,20,7.97391,8.74893,9957,0,,,,,,11,6,
421006,"The Lord of the Rings: Duel for Middle-earth",2024,21,7.96916,8.36134,18605,0,,,,1,,20,,
246900,"Eclipse: Second Dawn for the Galaxy",2020,22,7.96004,8.39299,17142,0,,,,,,18,,
28720,"Brass: Lancashire",2007,23,7.95816,8.19641,27126,0,,,,,,19,,
173346,"7 Wonders Duel",2015,24,7.95414,8.07869,107996,0,,,,,,28,,
167355,Nemesis,2018,25,7.95103,8.25167,36939,0,,,,,,,12,
169786,Scythe,2016,26,7.94805,8.10369,92632,0,,,,,,27,,
177736,"A Feast for Odin",2016,27,7.94098,8.16191,33127,0,,,,,,23,,
266507,"Clank! Legacy: Acquisitions Incorporated",2019,28,7.93978,8.50082,11231,0,,,,,,,7,
124361,Concordia,2013,29,7.92671,8.07833,45133,0,,,,,,24,,
312484,"Lost Ruins of Arnak",2020,30,7.91443,8.08182,56109,0,,,,,,29,,
341169,"Great Western Trail: Second Edition",2021,31,7.90327,8.2665,17628,0,,,,,,22,,
205637,"Arkham Horror: The Card Game",2016,32,7.89093,8.12095,47459,0,,2,,,,,13,
373106,"Sky Team",2023,33,7.88347,8.12431,30414,0,,,,3,,,14,
237182,Root,2018,34,7.88114,8.0709,63306,0,,,,,,36,,13
120677,"Terra Mystica",2012,35,7.86137,8.03415,50787,0,,,,,,34,,
164928,Orléans,2014,36,7.85969,8.0479,35301,0,,,,,,33,,
192135,"Too Many Bones",2017,37,7.85475,8.29022,16830,0,,,,,,31,11,
266192,Wingspan,2019,38,7.84928,8.00216,111648,0,,,,5,,48,,
96848,"Mage Knight Board Game",2011,39,7.83791,8.08175,35030,0,,,,,,37,18,
251247,Barrage,2019,40,7.83643,8.13711,21433,0,,,,,,32,,
321608,"Hegemony: Lead Your Class to Victory",2023,41,7.82193,8.38478,11702,0,,,,,,26,,
199792,Everdell,2018,42,7.81042,7.98472,67514,0,,,,8,,50,,
324856,"The Crew: Mission Deep Sea",2021,43,7.80889,8.05492,25039,0,,,,4,,,,
183394,"Viticulture Essential Edition",2015,44,7.80753,7.95938,54789,0,,,,,,45,,
284378,"Kanban EV",2020,45,7.79929,8.38106,10062,0,,,,,,25,,
521,Crokinole,1876,46,7.79857,8.06642,20925,0,,,,7,,,,
366013,"Heat: Pedal to the Metal",2022,47,7.7948,8.00076,39692,0,,,,9,,,,
285774,"Marvel Champions: The Card Game",2019,48,7.78798,8.10581,27489,0,,3,,,,,,
247763,"Underwater Cities",2018,49,7.77504,8.04302,22767,0,,,,,,40,,
175914,"Food Chain Magnate",2015,50,7.77497,8.03809,22930,0,,,,,,42,,
256960,"Pax Pamir: Second Edition",2019,51,7.76786,8.12848,17366,0,,,,,,41,,
390092,"Ticket to Ride Legacy: Legends of the West",2023,52,7.76417,8.6457,6453,0,,,,2,,,,
365717,"Clank!: Catacombs",2022,53,7.76368,8.23548,13315,0,,,,6,,39,,
253344,"Cthulhu: Death May Die",2019,54,7.76022,8.1827,16612,0,,,,,,,15,
3076,"Puerto Rico",2002,55,7.75355,7.89923,74004,0,,,,,,55,,
383179,"Age of Innovation",2023,56,7.75062,8.46339,8196,0,,,,,,30,,
414317,Harmonies,2024,57,7.74404,8.02925,27654,0,1,,,10,,,,
184267,"On Mars",2020,58,7.73957,8.16091,14786,0,,,,,,43,,
295947,Cascadia,2021,59,7.73906,7.89404,54172,0,,,,11,,,,
314040,"Pandemic Legacy: Season 0",2020,60,7.73825,8.3405,9454,0,,,,,,35,10,
185343,Anachrony,2017,61,7.7352,8.0459,21337,0,,,,,,47,,
102794,"Caverna: The Cave Farmers",2013,62,7.73286,7.92319,37145,0,,,,,,54,,
31260,Agricola,2007,63,7.72672,7.85875,76477,0,,,,,,61,,
170216,"Blood Rage",2015,64,7.726,7.90047,51542,0,,,,,,63,,
251661,"Oathsworn: Into the Deepwood",2022,65,7.72537,8.77281,6714,0,,,,,,,9,
231733,Obsession,2018,66,7.72101,8.08514,17713,0,,,,,,49,22,
182874,"Grand Austria Hotel",2015,67,7.71504,7.96448,24800,0,,,,,,51,,
161533,Lisboa,2017,68,7.71028,8.17139,12782,0,,,,,,44,,
240980,"Blood on the Clocktower",2022,69,7.70324,8.35815,10974,0,,,,,1,52,,
221107,"Pandemic Legacy: Season 2",2017,70,7.68948,8.01238,18223,0,,,,,,56,20,
255984,"Sleeping Gods",2021,71,7.68896,8.09614,15684,0,,,,,,,21,
126163,"Tzolk'in: The Mayan Calendar",2012,72,7.68398,7.84711,42234,0,,,,,,66,,
2651,"Power Grid",2004,73,7.68346,7.8001,69291,0,,,,,,72,,
205059,"Mansions of Madness: Second Edition",2016,74,7.68093,7.91783,40058,0,,,,,,,29,
216132,"Clans of Caledonia",2017,75,7.67945,7.94565,22624,0,,,,,,58,,
371942,"The White Castle",2023,76,7.67942,7.98078,21884,0,,,,,,65,,
244521,Quacks,2018,77,7.66909,7.806,58510,0,,,,12,,,,
380607,"Great Western Trail: New Zealand",2023,78,7.6637,8.46818,6712,0,,,,,,38,,
266810,"Paladins of the West Kingdom",2019,79,7.66054,7.95726,20371,0,,,,,,62,,
35677,"Le Havre",2008,80,7.6586,7.83516,33758,0,,,,,,69,,
125153,"The Gallerist",2015,81,7.65566,8.0035,16391,0,,,,,,57,,
124742,"Android: Netrunner",2012,82,7.65281,7.89203,31241,0,,6,,,,,,
164153,"Star Wars: Imperial Assault",2014,83,7.65038,7.95313,25851,0,,,,,,,30,
200680,"Agricola (Revised Edition)",2016,84,7.64878,7.95609,21049,0,,,,,,71,,
367966,"Endeavor: Deep Sea",2024,85,7.63569,8.22572,9345,0,,,,,,53,,
276025,Maracaibo,2019,86,7.63548,7.94513,18551,0,,,,,,68,,
337627,Voidfall,2023,87,7.63465,8.51305,6670,0,,,,,,46,,
209010,"Mechs vs. Minions",2016,88,7.62727,7.95244,18305,0,,,,,,74,26,
366161,"Wingspan Asia",2022,89,7.62566,8.22206,9837,0,,,,,,67,,
322289,"Darwin's Journey",2023,90,7.62433,8.09348,11948,0,,,,,,60,,
332772,Revive,2022,91,7.62066,8.06312,12530,0,,,,,,64,,
284083,"The Crew: The Quest for Planet Nine",2019,92,7.61959,7.75897,48194,0,,,,14,,,,
55690,"Kingdom Death: Monster",2015,93,7.61862,8.47719,10374,0,,,,,,,19,
28143,"Race for the Galaxy",2007,94,7.61782,7.7376,58682,0,,,,,,79,,
157354,"Five Tribes: The Djinns of Naqala",2014,95,7.60817,7.76454,44993,0,,,,,,85,,
230802,Azul,2017,96,7.60792,7.71763,107191,0,2,,,17,,,,
277659,"Final Girl",2021,97,7.60686,8.23423,10897,0,,,,,,,24,
201808,"Clank!: A Deck-Building Adventure",2016,98,7.59812,7.76363,47109,0,,,,18,,95,,
159675,"Fields of Arle",2014,99,7.59314,8.02383,12330,0,,,,,,70,,
93,"El Grande",1995,100,7.59288,7.77159,32845,0,,,,,,78,,
72125,"Eclipse: New Dawn for the Galaxy",2011,101,7.58942,7.81777,29013,0,,,,,,87,,
256916,"Concordia Venus",2018,102,7.58521,8.25822,7510,0,,,,,,59,,
359871,Arcs,2024,103,7.58385,8.01585,16233,0,,,,,,82,,
291453,SCOUT,2019,104,7.58363,7.79504,27381,0,,,,15,,,,
110327,"Lords of Waterdeep",2012,105,7.58229,7.7297,58898,0,,,,,,101,,
191189,"Aeon's End",2016,106,7.58045,7.86445,23827,0,,,,,,91,,
413246,"Bomb Busters",2024,107,7.57761,8.04065,11675,0,,,,13,,,,
229853,"Teotihuacan: City of Gods",2018,108,7.56692,7.83737,21959,0,,,,,,83,,
317985,"Beyond the Sun",2020,109,7.5586,7.86501,17367,0,,,,,,76,,
359609,"Arkham Horror: The Card Game (Revised Core Set)",2021,110,7.55836,8.58584,5461,0,,1,,,,,17,
364073,"Splendor Duel",2022,111,7.55461,7.88043,18778,0,,,,16,,98,,
62219,"Dominant Species",2010,112,7.55393,7.80194,22333,0,,,,,,89,,
279537,"The Search for Planet X",2020,113,7.55282,7.90158,15469,0,,,,,,88,,
25613,"Through the Ages: A Story of Civilization",2006,114,7.55179,7.82008,19821,0,,,,,,84,,
68448,"7 Wonders",2010,115,7.55065,7.66369,112162,0,,,,20,,118,,
225694,Decrypto,2018,116,7.54944,7.76838,27150,0,,,,,2,,,
121921,"Robinson Crusoe: Adventures on the Cursed Island",2012,117,7.54777,7.7244,46537,0,,,,,,,37,
12,Ra,1999,118,7.54669,7.70924,31661,0,,,,,,97,,
171623,"The Voyages of Marco Polo",2015,119,7.54551,7.76599,26200,0,,,,,,96,,
163068,"Trickerion: Legends of Illusion",2015,120,7.53751,7.97116,12505,0,,,,,,77,,
436217,"The Lord of the Rings: Fate of the Fellowship",2025,121,7.53541,8.31452,7533,0,,,,,,,25,
217372,"The Quest for El Dorado",2017,122,7.53426,7.71617,32237,0,,,,19,,,,
155821,Inis,2016,123,7.53043,7.81518,22884,0,,,,,,102,,
410201,Wyrmspan,2024,124,7.52791,7.96498,15052,0,,,,,,105,,
37111,"Battlestar Galactica: The Board Game",2008,125,7.52764,7.73102,37579,0,,,,,,,38,
310873,Carnegie,2022,126,7.5225,7.96408,11732,0,,,,,,80,,
271055,"Dwellings of Eldervale",2020,127,7.52122,8.11153,9350,0,,,,,,75,,
310100,"Nemesis: Lockdown",2022,128,7.51683,8.2524,8189,0,,,,,,,27,
236457,"Architects of the West Kingdom",2018,129,7.51292,7.70792,32401,0,,,,,,112,,
391137,"Galactic Cruise",2025,130,7.51051,8.33657,6474,0,,,,,,73,,
42,"Tigris & Euphrates",1997,131,7.50773,7.70487,29881,0,,,,,,109,,
122515,Keyflower,2012,132,7.50249,7.71112,24506,0,,,,,,103,,
40834,"Dominion: Intrigue",2009,133,7.50207,7.68648,34635,0,,,,,,119,,
170042,"Raiders of the North Sea",2015,134,7.50132,7.72102,26348,0,,,,,,113,,
264220,"Tainted Grail: The Fall of Avalon",2019,135,7.50103,8.03148,13967,0,,,,,,,32,
227935,"Wonderland's War",2022,136,7.49847,8.04016,10346,0,,,,,,94,,
18602,Caylus,2005,137,7.49243,7.70482,29863,0,,,,,,115,,
146021,"Eldritch Horror",2013,138,7.49194,7.74316,38922,0,,,,,,,41,
73439,Troyes,2010,139,7.49035,7.70476,24961,0,,,,,,110,,
4098,"Age of Steam",2002,140,7.49023,7.86958,12614,0,,,,,,93,,
203993,"Lorenzo il Magnifico",2016,141,7.48967,7.82747,15305,0,,,,,,99,,
269385,"The Lord of the Rings: Journeys in Middle-Earth",2019,142,7.48344,7.8931,18351,0,,,,,,,36,
396790,Nucleum,2023,143,7.48065,8.11589,8078,0,,,,,,81,,
172386,Mombasa,2015,144,7.47747,7.83755,13839,0,,,,,,100,,
36218,Dominion,2008,145,7.47465,7.59762,96316,0,,,,,,140,,
163412,Patchwork,2014,146,7.47323,7.58025,73583,0,4,,,25,,,,
43015,"Hansa Teutonica",2009,147,7.46963,7.74994,17158,0,,,,,,107,,
102680,Trajan,2011,148,7.46615,7.74334,18806,0,,,,,,114,,
218417,"Aeon's End: War Eternal",2017,149,7.46285,8.22817,6639,0,,,,,,90,,
144733,"Russian Railroads",2013,150,7.46181,7.7247,18843,0,,,,,,116,,
12493,"Twilight Imperium: Third Edition",2005,151,7.46169,7.78083,19543,0,,,,,,129,40,
391163,"Forest Shuffle",2023,152,7.45141,7.73522,20424,0,,,,22,,131,,
205896,"Rising Sun",2018,153,7.45019,7.75435,23195,0,,,,,,133,,
175640,"Vinhos: Deluxe Edition",2016,154,7.45004,8.05721,7906,0,,,,,,92,,
196340,Yokohama,2016,155,7.44192,7.7931,13668,0,,,,,,117,,
254640,"Just One",2018,156,7.4384,7.59376,34564,0,,,,,3,,,
175155,"Forbidden Stars",2015,157,7.43686,7.98229,9962,0,,,,,,111,,
325494,"ISS Vanguard",2022,158,7.43454,8.36177,6885,0,,,,,,,28,
198928,Iberia,2016,159,7.43133,7.87098,11791,0,,,,,,123,,
233371,"Clank! In! Space!: A Deck-Building Adventure",2017,160,7.42984,7.76096,16018,0,,,,24,,126,,
178900,Codenames,2015,161,7.42983,7.52603,103193,0,,,,,6,,,
180263,"The 7th Continent",2017,162,7.4228,7.73309,23136,0,,,,,,,48,
189932,"Tyrants of the Underdark",2016,163,7.41851,7.91455,10699,0,,,,,,120,,
172287,"Champions of Midgard",2015,164,7.41557,7.70395,18697,0,,,,,,136,,
220877,"Rajas of the Ganges",2017,165,7.41451,7.72155,15956,0,,,,,,127,,
429293,"The Lord of the Rings: The Fellowship of the Ring – Trick-Taking Game",2025,166,7.41277,7.97407,8654,0,,,,21,,,,
463,"Magic: The Gathering",1993,167,7.41215,7.59635,42825,0,,18,,,,,,
258779,"Planet Unknown",2022,168,7.40896,7.76335,13821,0,,,,23,,128,,
304783,"Hadrian's Wall",2021,169,7.40892,7.87697,10479,0,,,,,,122,,
30549,Pandemic,2008,170,7.40558,7.5148,134457,0,,,,36,,177,,
132531,"Roll for the Galaxy",2014,171,7.4047,7.56495,33510,0,,,,,,143,,
118048,Targi,2012,172,7.40396,7.5889,26542,0,,,,,,141,,
235802,"Too Many Bones: Undertow",2018,173,7.40144,8.65235,3964,0,,,,,,86,16,
147020,"Star Realms",2014,174,7.40093,7.5523,47807,0,,,,,,162,,
266524,PARKS,2019,175,7.40012,7.61957,30409,0,,,,28,,,,
161970,Alchemists,2014,176,7.39648,7.63765,24335,0,,,,,,144,,
14996,"Ticket to Ride: Europe",2005,177,7.39581,7.52395,84880,0,,,,34,,,,
209418,"Dominion: Second Edition",2016,178,7.39526,7.82244,12680,0,,,,,,142,,
263918,Cartographers,2019,179,7.39164,7.55716,35784,0,,,,29,,,,
262712,"Res Arcana",2019,180,7.39138,7.6147,25546,0,,,,,,145,,
268864,"Undaunted: Normandy",2019,181,7.39114,7.76795,14077,0,,,,,,,,30
249259,"War Chest",2018,182,7.39107,7.82653,12338,0,5,,,,,,,
271324,"It's a Wonderful World",2019,183,7.38744,7.62951,22955,0,,,,,,146,,
77423,"The Lord of the Rings: The Card Game",2011,184,7.3855,7.66246,25053,0,,9,,,,,,
274364,Watergate,2019,185,7.38438,7.72158,14100,0,,,,,,137,,
358661,"Andromeda's Edge",2024,186,7.38318,8.26519,5824,0,,,,,,104,,
34635,"Stone Age",2008,187,7.38075,7.51167,55681,0,,,,35,,166,,
328871,"Terraforming Mars: Ares Expedition",2021,188,7.37551,7.63917,20904,0,,,,,,150,,
148949,Istanbul,2014,189,7.37419,7.53675,33550,0,,,,32,,152,,
294484,"Unmatched: Cobble & Fog",2020,190,7.37332,7.92735,9512,0,,,,,,138,,
308765,"Praga Caput Regni",2020,191,7.37268,7.83903,10416,0,,,,,,132,,
281259,"The Isle of Cats",2019,192,7.37158,7.6179,25042,0,,,,31,,159,,
400602,Civolution,2024,193,7.36857,8.19444,5617,0,,,,,,108,,
146652,"Legendary Encounters: An Alien Deck Building Game",2014,194,7.36846,7.75431,13696,0,,,,,,,43,
82222,"Xia: Legends of a Drift System",2014,195,7.36833,7.85741,11057,0,,,,,,139,39,
296151,"Viscounts of the West Kingdom",2020,196,7.36822,7.79929,11415,0,,,,,,135,,
271896,"Star Wars: Outer Rim",2019,197,7.36756,7.74838,14994,0,,,,,,,47,
127023,Kemet,2012,198,7.36558,7.6265,20016,0,,,,,,148,,
2511,"Sherlock Holmes Consulting Detective: The Thames Murders & Other Cases",1981,199,7.36476,7.60542,22716,0,,,,,,,54,
54043,Jaipur,2009,200,7.36293,7.48135,57722,0,,,,39,,,,
103885,"Star Wars: X-Wing Miniatures Game",2012,201,7.36291,7.62594,25496,0,,12,,,,,,62
265188,"Glen More II: Chronicles",2019,202,7.3629,7.85986,9435,0,,,,,,130,,
364011,"Great Western Trail: Argentina",2022,203,7.36232,8.2194,5357,0,,,,,,106,,
244522,"That's Pretty Clever!",2018,204,7.3622,7.55213,27737,0,,,,33,,,,
283948,"Marco Polo II: In the Service of the Khan",2019,205,7.36165,7.92344,8288,0,,,,,,124,,
233398,"Endeavor: Age of Sail",2018,206,7.3611,7.84449,10312,0,,,,,,134,,
316377,"7 Wonders (Second Edition)",2020,207,7.35706,7.82789,11660,0,,,,27,,160,,
329082,Radlands,2021,208,7.35672,7.74636,14010,0,,,,,,153,,
350184,Earth,2023,209,7.35583,7.62117,20859,0,,,,,,158,,
233867,"Welcome To...",2018,210,7.3522,7.50856,34562,0,,,,38,,,,
283355,Dune,2019,211,7.35155,7.91751,10638,0,,,,,,149,50,
339789,"Welcome to the Moon",2021,212,7.3498,7.85741,9292,0,,,,26,,,46,
188920,"This War of Mine: The Board Game",2017,213,7.33945,7.76035,14478,0,,,,,,,52,
43111,"Chaos in the Old World",2009,214,7.33769,7.65843,16129,0,,,,,,156,51,
332686,"John Company: Second Edition",2022,215,7.33745,8.2473,5338,0,,,,,,121,35,
314491,Meadow,2021,216,7.33649,7.70491,13632,0,,,,30,,155,,
9609,"War of the Ring",2004,217,7.33449,7.78154,10958,0,,,,,,,42,21
10630,"Memoir '44",2004,218,7.33208,7.53245,31798,0,,,,,,,,68
227224,"The Red Cathedral",2020,219,7.33078,7.66462,15389,0,,,,,,163,,
118,"Modern Art",1992,220,7.32889,7.52292,25217,0,,,,,,167,,
374173,"Star Wars: The Deckbuilding Game",2023,221,7.32621,7.81438,10572,0,,,,,,154,,
420033,Vantage,2025,222,7.32563,8.25443,5979,0,,,,,,,45,
199561,Sagrada,2017,223,7.32515,7.4695,47358,0,10,,,44,,,,
242302,"Space Base",2018,224,7.32259,7.54126,23191,0,,,,41,,,,
104162,"Descent: Journeys in the Dark (Second Edition)",2012,225,7.31863,7.60254,25976,0,,,,,,,61,
256680,"Return to Dark Tower",2022,226,7.31796,8.20583,5815,0,,,,,,,34,
342070,"Thunder Road: Vendetta",2023,227,7.316,7.91139,7744,0,,,,,,,44,
39463,"Cosmic Encounter",2008,228,7.31494,7.50821,34780,0,,,,,,202,78,
25021,"Sekigahara: The Unification of Japan",2011,229,7.31433,7.99056,6609,0,,,,,,,,9
155426,"Castles of Mad King Ludwig",2014,230,7.30974,7.5002,27705,0,,,,,,179,,
299659,"Clash of Cultures: Monumental Edition",2021,231,7.30882,8.26821,4981,0,,,,,,125,,
300531,Paleo,2020,232,7.30835,7.65246,15834,0,,,,,,180,59,
128882,"The Resistance: Avalon",2012,233,7.3038,7.49365,36410,0,,,,,15,,,
188,Go,-2200,234,7.30305,7.65748,18297,0,15,,,,,,,
103343,"A Game of Thrones: The Board Game (Second Edition)",2011,235,7.30288,7.52864,36826,0,,,,,,204,,
31627,"Ticket to Ride: Nordic Countries",2007,236,7.29934,7.62193,15069,0,,,,40,,,,
287954,"Azul: Summer Pavilion",2019,237,7.29895,7.57003,19181,0,7,,,42,,,,
416851,"Castle Combo",2024,238,7.29888,7.67179,13151,0,,,,37,,,,
822,Carcassonne,2000,239,7.29846,7.41614,138926,0,,,,56,,,,
17133,"Railways of the World",2005,240,7.29724,7.66319,12577,0,,,,,,161,,
282524,Horrified,2019,241,7.29711,7.59418,19758,0,,,,46,,,65,
148228,Splendor,2014,242,7.2928,7.42003,89502,0,,,,55,,,,
70149,"Ora et Labora",2011,243,7.28878,7.67441,11561,0,,,,,,157,,
171131,"Captain Sonar",2016,244,7.28739,7.49977,23612,0,,,,,11,,68,
356080,"The Elder Scrolls: Betrayal of the Second Era",2025,245,7.28555,8.92175,3286,0,,,,,,,23,
104006,Village,2011,246,7.28468,7.4856,24379,0,,,,,,186,,
123260,Suburbia,2012,247,7.27956,7.45688,26430,0,,,,,,194,,
14105,"Commands & Colors: Ancients",2006,248,7.27712,7.77905,9102,0,,,,,,,,22
215,Tichu,1991,249,7.2767,7.57566,16772,0,,,,,,183,,
269207,"The Taverns of Tiefenthal",2019,250,7.27628,7.57388,16934,0,,,,,,190,,
150376,"Dead of Winter: A Crossroads Game",2014,251,7.27231,7.44,48735,0,,,,,,,85,
285967,"Ankh: Gods of Egypt",2021,252,7.2714,7.73148,11497,0,,,,,,173,,
241451,"Aeon's End: Legacy",2019,253,7.26853,8.03334,5850,0,,,,,,147,,
293014,Nidavellir,2020,254,7.26579,7.55406,16019,0,,,,45,,185,,
9209,"Ticket to Ride",2004,255,7.26281,7.38616,97829,0,,,,61,,,,
7854,YINSH,2003,256,7.26158,7.70416,9920,0,3,,,,,,,
165722,KLASK,2014,257,7.26114,7.62501,12190,0,,,,43,8,,,
385761,Faraway,2023,258,7.25949,7.54414,17389,0,,,,48,,,,
367220,"Sea Salt & Paper",2022,259,7.25586,7.50591,21681,0,,,,53,,,,
182631,"Star Realms: Colony Wars",2015,260,7.25523,7.78055,8784,0,,,,,,178,,
245638,Coimbra,2018,261,7.25433,7.599,12903,0,,,,,,176,,
91,"Paths of Glory",1999,262,7.25343,8.06877,5661,0,,,,,,,,3
306735,"Under Falling Skies",2020,263,7.25256,7.60157,13817,0,,,,,,199,,
188834,"Secret Hitler",2016,264,7.25245,7.48884,34243,0,,,,,22,,,
283155,Calico,2020,265,7.24871,7.48638,23247,0,12,,,54,,,,
260605,"Camel Up (Second Edition)",2018,266,7.24854,7.54166,17558,0,,,,50,10,,,
295486,"My City",2020,267,7.24663,7.57991,13269,0,,,,47,,196,,
54998,Cyclades,2009,268,7.24458,7.49114,22733,0,,,,,,212,,
126042,Nations,2013,269,7.24408,7.59136,12635,0,,,,,,181,,
223040,"Fantasy Realms",2017,270,7.24268,7.5044,18180,0,,,,52,,,,
329839,"So Clover!",2021,271,7.23965,7.59347,11864,0,,,,,7,,,
224037,"Codenames: Duet",2017,272,7.2354,7.41007,26394,0,,,,57,9,,,
146886,"La Granja",2014,273,7.23327,7.59087,11903,0,,,,,,189,,
367150,"Dune: War for Arrakis",2024,274,7.23298,8.48437,3881,0,,,,,,,33,6
195421,"Near and Far",2017,275,7.23164,7.64111,11133,0,,,,,,,60,
232832,"Century: Golem Edition",2017,276,7.23058,7.57795,14038,0,,,,51,,219,,
21050,"Combat Commander: Europe",2006,277,7.22994,7.95391,6118,0,,,,,,,,11
221194,"Dinosaur Island",2017,278,7.22903,7.5302,17140,0,,,,,,214,,
295895,Distilled,2023,279,7.22726,7.75947,8689,0,,,,,,188,,
129437,"Legendary: A Marvel Deck Building Game",2012,280,7.2257,7.5188,23324,0,,,,,,,83,
158600,Hanamikoji,2013,281,7.22318,7.45212,21199,0,,,,59,,,,
3,Samurai,1998,282,7.22257,7.48313,17098,0,,,,,,209,,
232405,"Western Legends",2018,283,7.21917,7.60254,12914,0,,,,,,,67,
192291,"Sushi Go Party!",2016,284,7.21841,7.37411,39863,0,,,,68,,,,
156129,"Deception: Murder in Hong Kong",2014,285,7.21761,7.42218,25050,0,,,,,16,,,
176189,"Zombicide: Black Plague",2015,286,7.2176,7.60136,17321,0,,,,,,,79,
318977,"MicroMacro: Crime City",2020,287,7.21703,7.45185,19520,0,,,,60,,,,
351913,Tiletum,2022,288,7.21664,7.86172,6761,0,,,,,,168,,
199478,"Flamme Rouge",2016,289,7.21647,7.47806,19721,0,,,,62,,,,
400366,"Wondrous Creatures",2024,290,7.21426,8.0763,4985,0,,,,,,165,,
176494,"Isle of Skye: From Chieftain to King",2015,291,7.21378,7.3888,27128,0,,,,64,,228,,
274637,"Unmatched: Battle of Legends, Volume One",2019,292,7.21363,7.68339,10868,0,,,,,,220,,
19857,"Glory to Rome",2005,293,7.21271,7.49358,14848,0,,,,,,207,,
286096,Tapestry,2019,294,7.20825,7.43913,22775,0,,,,,,233,,
169426,"Roll Player",2016,295,7.20675,7.41995,22425,0,,,,,,232,,
224783,Vindication,2018,296,7.2065,7.76531,8244,0,,,,,,192,,
150145,"Skull King",2013,297,7.20627,7.52886,15238,0,,,,58,,,,
311193,"Anno 1800: The Board Game",2020,298,7.20498,7.69649,8863,0,,,,,,193,,
300322,Hallertau,2020,299,7.20432,7.82447,6881,0,,,,,,175,,
555,"The Princes of Florence",2000,300,7.20414,7.49372,16025,0,,,,,,213,,
284189,"Foundations of Rome",2022,301,7.20404,8.03899,5153,0,,,,,,171,,
156546,Monikers,2015,302,7.20204,7.7614,7670,0,,,,,4,,,
198994,"Hero Realms",2016,303,7.19806,7.49593,19784,0,,,,,,249,,
323612,Bitoku,2021,304,7.19801,7.77991,7829,0,,,,,,197,,
270633,"Aeon's End: The New Age",2019,305,7.19701,8.48868,3363,0,,,,,,151,,
228341,"Pulsar 2849",2017,306,7.19551,7.63963,9725,0,,,,,,200,,
297562,"Kemet: Blood and Sand",2021,307,7.19278,7.90721,6108,0,,,,,,182,,
194655,Santorini,2016,308,7.19234,7.33319,41978,0,16,,,,,,,
9216,Goa,2004,309,7.19215,7.55266,11753,0,,,,,,205,,
421,"1830: Railways & Robber Barons",1986,310,7.1891,7.86778,5972,0,,,,,,172,,
109276,"Kanban: Driver's Edition",2014,311,7.1877,7.78143,7104,0,,,,,,184,,
20551,Shogun,2006,312,7.18704,7.50535,14615,0,,,,,,227,,
31481,"Galaxy Trucker",2007,313,7.18514,7.32374,35664,0,,,,,,,101,
230253,"Star Realms: Frontiers",2018,314,7.18258,7.91073,6158,0,,,,,,208,,
400314,Apiary,2023,315,7.1821,7.67606,8968,0,,,,,,211,,
329500,"Unconscious Mind",2024,316,7.18165,7.89434,6320,0,,,,,,195,,
128621,Viticulture,2013,317,7.18119,7.47338,15445,0,,,,,,231,,
277085,"Love Letter",2019,318,7.18082,7.50459,15381,0,,,,70,19,,,
244271,"Dice Throne: Season Two – Battle Chest",2018,319,7.17895,8.04177,5452,0,,,,49,,,,
356123,"Turing Machine",2022,320,7.17811,7.61291,10301,0,,,,,,237,,
284653,"Mind MGMT: The Psychic Espionage “Game.”",2021,321,7.1776,7.79131,7134,0,,,,,,201,,
331106,"The Witcher: Old World",2023,322,7.17179,7.89731,8783,0,,,,,,,74,
127060,"Bora Bora",2013,323,7.17167,7.55929,10678,0,,,,,,216,,
760,"Battle Line",2000,324,7.1709,7.41333,18241,0,,,,,,247,,
204583,Kingdomino,2016,325,7.17069,7.28923,52692,0,,,,78,,,,
140620,"Lewis & Clark: The Expedition",2013,326,7.17054,7.43271,16507,0,,,,,,238,,
27708,"1960: The Making of the President",2007,327,7.17049,7.61643,9512,0,,,,,,217,,
349067,"The Lord of the Rings: The Card Game – Revised Core Set",2022,328,7.17039,8.44191,3668,0,,5,,,,,,
370591,"Dorfromantik: The Board Game",2022,329,7.16918,7.59974,10850,0,,,,65,,,,
291572,Oath,2021,330,7.16856,7.72006,9349,0,,,,,,234,93,
19777,Indonesia,2005,331,7.16822,7.91542,5166,0,,,,,,170,,
298047,"Marvel United",2020,332,7.16811,7.54093,13147,0,,,,69,,,,
2655,Hive,2001,333,7.16799,7.31734,40177,0,19,,,,,,,
206718,Ethnos,2017,334,7.16701,7.45791,14689,0,,,,,,240,,
305096,"Endless Winter: Paleoamericans",2022,335,7.16513,7.62965,9910,0,,,,,,225,,
223321,"Detective: A Modern Crime Board Game",2018,336,7.16371,7.60824,11413,0,,,,,,,72,
246784,Cryptid,2018,337,7.16349,7.42722,16936,0,,,,72,,252,,
144344,Rococo,2013,338,7.16234,7.58435,9538,0,,,,,,215,,
318184,"Imperium: Classics",2021,339,7.16048,7.68495,8605,0,,,,,,224,,
27833,Steam,2009,340,7.15819,7.54137,10463,0,,,,,,223,,
239188,"Chronicles of Crime",2018,341,7.15645,7.53706,24795,0,,,,,,,95,
50,"Lost Cities",1999,342,7.15182,7.2583,50675,0,,,,86,,,,
262211,Cloudspire,2019,343,7.15057,8.17005,4374,0,,,,,,187,,
350316,"Wayfarers of the South Tigris",2022,344,7.1499,7.78408,6553,0,,,,,,206,,
139976,"Cthulhu Wars",2015,345,7.14916,7.84032,6821,0,,,,,,226,57,
108745,Seasons,2012,346,7.14656,7.3349,26413,0,,,,,,269,,
146508,"T.I.M.E Stories",2015,347,7.1454,7.34746,28698,0,,,,,,,107,
92828,"Dixit: Odyssey",2011,348,7.14519,7.3813,22864,0,,,,,21,,,
46213,Telestrations,2009,349,7.14482,7.37634,20560,0,,,,,20,,,
375459,Speakeasy,2025,350,7.14307,8.49043,3150,0,,,,,,164,,
342810,Marrakesh,2022,351,7.14122,8.08482,4206,0,,,,,,174,,
257499,"Arkham Horror (Third Edition)",2018,352,7.14014,7.67996,10926,0,,,,,,,80,
332800,"Summoner Wars (Second Edition)",2021,353,7.13961,8.03941,4814,0,,,,,,203,,
172,"For Sale",1997,354,7.13929,7.2655,34119,0,,,,85,,,,
302723,"Forgotten Waters",2020,355,7.13804,7.74284,7011,0,,,,,,,58,
160477,Onitama,2014,356,7.13801,7.33795,24750,0,20,,,,,,,
385529,"The Vale of Eternity",2023,357,7.13783,7.59483,9437,0,,,,67,,243,,
111341,"The Great Zimbabwe",2012,358,7.13329,7.84742,5405,0,,,,,,198,,
350933,"The Guild of Merchant Explorers",2022,359,7.13103,7.62488,8015,0,,,,63,,230,,
295374,"Long Shot: The Dice Game",2022,360,7.1306,7.52806,10300,0,,,,71,,,,
5,Acquire,1963,361,7.12919,7.35658,22054,0,,,,,,281,,
155068,"Arcadia Quest",2014,362,7.12791,7.5854,10793,0,,,,,,,84,
66589,Navegador,2010,363,7.1258,7.52945,9646,0,,,,,,241,,
176734,"The Manhattan Project: Energy Empire",2016,364,7.12378,7.72058,6580,0,,,,,,221,,
129622,"Love Letter",2012,365,7.12285,7.22674,71534,0,,,,104,,,,
24181,Imperial,2006,366,7.12256,7.58964,8998,0,,,,,,235,,
276182,"Dead Reckoning",2022,367,7.12235,8.14606,4017,0,,,,,,191,,
333255,"Keep the Heroes Out!",2022,368,7.12204,7.89985,5981,0,,,,,,,69,
319966,"The King Is Dead: Second Edition",2020,369,7.12098,7.59353,8512,0,,,,,,244,,
345972,"Cat in the Box: Deluxe Edition",2022,370,7.11693,7.44069,12582,0,,,,73,,,,
97207,"Dungeon Petz",2011,371,7.11677,7.38359,15549,0,,,,,,267,,
308119,"Pax Renaissance: 2nd Edition",2021,372,7.11666,8.38923,3195,0,,,,,,169,,
2653,"Survive: Escape from Atlantis!",1982,373,7.11165,7.30834,27790,0,,,,91,,,,
38453,"Space Alert",2008,374,7.10973,7.37794,16512,0,,,,,,,110,
47,Chinatown,1999,375,7.10964,7.44346,12360,0,,,,79,,271,,
260180,"Project L",2020,376,7.10938,7.45138,12959,0,14,,,81,,,,
54,Tikal,1999,377,7.10908,7.31842,21425,0,,,,,,287,,
63888,Innovation,2010,378,7.10745,7.31974,20296,0,,,,,,285,,
22545,"Age of Empires III: The Age of Discovery",2007,379,7.10626,7.50202,10466,0,,,,,,255,,
184921,"Bunny Kingdom",2017,380,7.10584,7.41024,14763,0,,,,83,,280,,
311988,"Frostpunk: The Board Game",2022,381,7.10573,8.13606,4522,0,,,,,,218,55,
234277,Nusfjord,2017,382,7.10555,7.63653,7304,0,,,,,,239,,
209685,"Century: Spice Road",2017,383,7.1054,7.29196,27573,0,,,,96,,,,
379078,Expeditions,2023,384,7.10352,7.63011,8364,0,,,,,,254,,
143693,"Glass Road",2013,385,7.10258,7.41021,12672,0,,,,,,263,,
136888,Bruges,2013,386,7.10212,7.42594,12244,0,,,,,,262,,
227789,"Heaven & Ale",2017,387,7.10175,7.53277,9223,0,,,,,,251,,
155873,"Power Grid Deluxe: Europe/North America",2014,388,7.10129,7.94574,4630,0,,,,,,210,,
163967,"Tiny Epic Galaxies",2015,389,7.09806,7.32025,22171,0,,,,,,325,,
245655,"The King's Dilemma",2019,390,7.09695,7.67791,7098,0,,,,,,,70,
202426,"Sidereal Confluence",2017,391,7.0967,7.76268,6137,0,,,,,,236,,
154203,"Imperial Settlers",2014,392,7.09564,7.28792,25384,0,,,,,,311,,
188866,"Awkward Guests: The Walton Case",2016,393,7.09393,7.53748,9608,0,,,,77,,277,,
54138,"Imperial 2030",2009,394,7.09332,7.63609,7287,0,,,,,,245,,
336986,Flamecraft,2022,395,7.09325,7.37564,20853,0,,,,103,,354,,
354934,"Legacy of Yu",2023,396,7.0926,8.08329,4017,0,,,,,,222,,
181279,"Fury of Dracula (Third/Fourth Edition)",2015,397,7.09169,7.3948,15492,0,,,,,,,108,
301880,"Raiders of Scythia",2020,398,7.09076,7.69605,6856,0,,,,,,248,,
187617,"Nemo's War (Second Edition)",2017,399,7.08981,7.789,5771,0,,,,,,,63,39
93260,"Summoner Wars: Master Set",2011,400,7.08799,7.47119,11139,0,,20,,,,292,,
336382,"Marvel United: X-Men",2021,401,7.08706,7.98426,4647,0,,,,66,,,,
40692,"Small World",2009,402,7.08593,7.19177,74805,0,,,,111,,355,,
285192,Destinies,2021,403,7.08445,7.65183,10010,0,,,,,,,90,
411567,"The Gang",2024,404,7.08385,7.57272,8144,0,,,,75,,,,
48726,"Alien Frontiers",2010,405,7.08373,7.34214,15560,0,,,,,,294,,
59294,Runewars,2010,406,7.07992,7.60497,8570,0,,,,,,274,82,
203420,"EXIT: The Game – The Abandoned Cabin",2016,407,7.07929,7.40481,12122,0,,,,,,,91,
318084,Furnace,2020,408,7.07907,7.38597,13174,0,,,,,,286,,
219650,"Arydia: The Paths We Dare Tread",2025,409,7.07663,9.0192,2442,0,,,,,,,31,
21241,"Neuroshima Hex",2006,410,7.07482,7.38359,15747,0,,,,,,323,,
172081,"Burgle Bros.",2015,411,7.07469,7.40487,12547,0,,,,94,,,118,
25292,"Merchants & Marauders",2010,412,7.07441,7.38651,14734,0,,,,,,,116,
304420,Bonfire,2020,413,7.07401,7.60176,7541,0,,,,,,257,,
246192,Gizmos,2018,414,7.07283,7.36191,14720,0,,,,92,,305,,
247367,"Air, Land, & Sea",2019,415,7.07178,7.44425,10613,0,,,,,,293,,
271601,"Feed the Kraken",2022,416,7.0703,7.79123,6111,0,,,,,12,,99,
172818,"Above and Below",2015,417,7.07024,7.34295,17069,0,,,,,,328,131,
219513,Bärenpark,2017,418,7.07018,7.27456,20858,0,,,,102,,,,
345584,"Mindbug: First Contact",2022,419,7.06981,7.56694,8919,0,,,,88,,300,,
274638,"Unmatched: Robin Hood vs. Bigfoot",2019,420,7.06836,7.90043,5049,0,,,,,,266,,
193037,"Dead of Winter: The Long Night",2016,421,7.06746,7.50587,10513,0,,,,,,,104,
39856,Dixit,2008,422,7.06696,7.18204,70844,0,,,,,31,,,
77130,"Sid Meier's Civilization: The Board Game",2010,423,7.06563,7.37039,16318,0,,,,,,321,,
176920,"Mission: Red Planet (Second/Third Edition)",2015,424,7.06476,7.38726,12334,0,,,,,,298,,
128271,Ginkgopolis,2012,425,7.06451,7.48666,8860,0,,,,,,268,,
297030,"Tekhenu: Obelisk of the Sun",2020,426,7.06309,7.665,6604,0,,,,,,256,,
368173,"Let's Go! To Japan",2024,427,7.06186,7.59225,7282,0,,,,80,,,,
372,"Schotten Totten",1999,428,7.06175,7.35252,14048,0,,,,97,,,,
140934,Arboretum,2015,429,7.06156,7.24582,23673,0,,,,106,,,,
45315,"Dungeon Lords",2009,430,7.06021,7.34496,14285,0,,,,,,303,,
59959,"Letters from Whitechapel",2011,431,7.05995,7.33053,16995,0,,,,,,335,132,
40354,Maria,2009,432,7.05974,7.99586,4019,0,,,,,,,,14
155987,Abyss,2014,433,7.05896,7.32424,16698,0,,,,,,329,,
13122,Antiquity,2004,434,7.05884,7.83285,4702,0,,,,,,229,,
351040,"Ready Set Bet",2022,435,7.05868,7.50399,8655,0,,,,,17,,,
70919,Takenoko,2011,436,7.05821,7.19831,47840,0,,,,116,,,,
199042,"Harry Potter: Hogwarts Battle",2016,437,7.0534,7.33858,21850,0,,,,115,,,153,
384213,Fromage,2024,438,7.05254,7.68748,6034,0,,,,,,270,,
8217,"San Juan",2004,439,7.05219,7.23063,24327,0,,,,,,340,,
245934,"Carpe Diem",2018,440,7.05146,7.49564,8741,0,,,,,,278,,
181304,Mysterium,2015,441,7.05039,7.19244,48848,0,,,,124,,,156,
246684,"Smartphone Inc.",2018,442,7.04898,7.56233,7310,0,,,,,,272,,
146439,"BattleLore: Second Edition",2013,443,7.04832,7.67102,6602,0,,,,,,,,60
90137,"Blood Bowl: Team Manager – The Card Game",2011,444,7.04748,7.40038,11787,0,,,,,,,111,
319910,"Pagan: Fate of Roanoke",2022,445,7.04696,7.88238,4788,0,,14,,,,259,,
446497,"Hot Streak",2025,446,7.04636,7.93337,4280,0,,,,,5,,,
119890,"Agricola: All Creatures Big and Small",2012,447,7.0447,7.32621,14248,0,,,,,,330,,
195539,"The Godfather: Corleone's Empire",2017,448,7.04429,7.53174,8510,0,,,,,,299,,
397385,"Pirates of Maracaibo",2023,449,7.04402,7.94178,4184,0,,,,,,242,,
37046,"Ghost Stories",2008,450,7.04359,7.25136,21849,0,,,,,,353,135,
41114,"The Resistance",2009,451,7.0416,7.19143,42591,0,,,,,39,,,
315767,"Cartographers Heroes",2021,452,7.04145,7.70682,5834,0,,,,74,,279,,
357563,Akropolis,2022,453,7.04117,7.44582,10129,0,,,,93,,,,
334986,Daybreak,2023,454,7.03875,7.68219,6062,0,,,,,,284,,
318182,"Imperium: Legends",2021,455,7.03672,7.84794,4877,0,,,,,,260,,
303057,"Pan Am",2020,456,7.03665,7.5258,8154,0,,,,,,309,,
171,Chess,1475,457,7.03511,7.2358,40227,0,47,,,,,,,
269210,"Twice as Clever!",2019,458,7.03448,7.41592,10138,0,,,,100,,,,
334590,"For Northwood! A Solo Trick-Taking Game",2021,459,7.03327,7.774,5141,0,,,,76,,275,,
25554,"Notre Dame",2007,460,7.03221,7.30961,13778,0,,,,,,324,,
24480,"The Pillars of the Earth",2006,461,7.03181,7.25657,18451,0,,,,,,341,,
244711,Newton,2018,462,7.03019,7.5032,7962,0,,,,,,289,,
163745,"Star Wars: Armada",2015,463,7.03002,7.81123,5702,0,,,,,,,77,54
260428,"Fall of Rome",2018,464,7.02895,7.59289,6948,0,,,,,,297,,
284742,"Honey Buzz",2020,465,7.02686,7.49758,8606,0,,,,99,,331,,
552,Bus,1999,466,7.02562,7.70318,5264,0,,,,,,261,,
177478,IKI,2015,467,7.02294,7.59453,6708,0,,,,,,288,,
234487,Altiplano,2017,468,7.02258,7.42586,9698,0,,,,,,315,,
290484,Unsettled,2021,469,7.02174,8.06543,3775,0,,,,,,,56,
39683,"At the Gates of Loyang",2009,470,7.02053,7.34941,11660,0,,,,,,327,,
250458,Gùgōng,2018,471,7.01983,7.41955,9576,0,,,,,,313,,
15987,"Arkham Horror",2005,472,7.01977,7.24019,40370,0,,,,,,,161,
192458,"51st State: Master Set",2016,473,7.01943,7.53936,7622,0,,,,,,301,,
9217,"Saint Petersburg",2004,474,7.01864,7.26551,16521,0,,,,,,347,,
322708,"Descent: Legends of the Dark",2021,475,7.01667,7.89286,5789,0,,,,,,,73,
222509,"Lords of Hellas",2018,476,7.01666,7.60703,7661,0,,,,,,322,,
234,"Hannibal: Rome vs. Carthage",1996,477,7.016,7.77479,5049,0,,,,,,,,23
365258,"World Wonders",2023,478,7.01596,7.60684,6698,0,,,,89,,306,,
206480,"Imperial Struggle",2020,479,7.01573,8.21309,3328,0,,,,,,250,,5
436126,Finspan,2025,480,7.01527,7.68873,6304,0,,,,90,,320,,
385610,"Kutná Hora: The City of Silver",2023,481,7.01475,7.7604,5296,0,,,,,,276,,
417197,Rebirth,2024,482,7.01396,7.75926,5122,0,,,,84,,282,,
343905,Boonlake,2021,483,7.01299,7.61489,6102,0,,,,,,283,,
434654,"Toy Battle",2025,484,7.01108,7.79282,5018,0,,,,82,,,,
386368,"Ezra and Nehemiah",2024,485,7.01065,8.15899,3263,0,,,,,,246,,
335764,"Unmatched: Battle of Legends, Volume Two",2021,486,7.01062,8.21144,3400,0,,,,,,273,,
92415,Skull,2011,487,7.01045,7.17267,28205,0,,,,,36,,,
70323,"King of Tokyo",2011,488,7.00968,7.11519,75581,0,,,,141,,,,
236191,"London (Second Edition)",2017,489,7.00695,7.48257,7844,0,,,,,,316,,
194594,"Dice Forge",2017,490,7.00672,7.21273,24350,0,,,,127,,,,
101721,"Mage Wars Arena",2012,491,7.00634,7.56175,8022,0,,19,,,,,,
258210,"Blitzkrieg!: World War Two in 20 Minutes",2019,492,7.00338,7.53905,6779,0,,,,,,307,,76
367498,"Horizons of Spirit Island",2022,493,7.00263,8.12726,3328,0,,,,,,265,,
315610,"Massive Darkness 2: Hellscape",2022,494,7.00021,7.99835,4236,0,,,,,,,64,
408180,"Shackleton Base: A Journey to the Moon",2024,495,6.99956,8.01443,3618,0,,,,,,253,,
198773,"Codenames: Pictures",2016,496,6.99919,7.17746,24986,0,,,,,32,,,
316412,"The LOOP",2020,497,6.99914,7.70456,5535,0,,,,,,314,,
352515,Trio,2021,498,6.99829,7.38637,10997,0,,,,113,,,,
286751,"Zombicide: 2nd Edition",2021,499,6.99776,7.92159,5166,0,,,,,,,102,
381297,"Unmatched Adventures: Tales to Amaze",2023,500,6.99726,7.95151,4178,0,,,,87,,291,,
318243,Hitster,2022,501,6.99711,7.53332,7097,0,,,,,23,,,
31594,"In the Year of the Dragon",2007,502,6.99691,7.29005,12592,0,,,,,,344,,
128671,"Spartacus: A Game of Blood and Treachery",2012,503,6.99624,7.46585,9523,0,,,,,,,127,
298069,Cubitos,2021,504,6.99575,7.36274,10707,0,,,,114,,,,
215311,Downforce,2017,505,6.99542,7.25703,15149,0,,,,121,,,,
367041,"Scholars of the South Tigris",2023,506,6.9943,8.0187,3589,0,,,,,,258,,
21348,"Ticket to Ride: Märklin",2006,507,6.99405,7.40816,9365,0,,,,110,,349,,
256226,"Azul: Stained Glass of Sintra",2018,508,6.99367,7.28347,14973,0,21,,,120,,,,
342900,"Earthborne Rangers",2023,509,6.9927,8.08331,3852,0,,10,,,,,71,
328565,"Caper: Europe",2022,510,6.99219,7.62295,5870,0,,,,98,,319,,
33160,Endeavor,2009,511,6.99138,7.36876,9679,0,,,,,,333,,
293141,"King of Tokyo: Dark Edition",2020,512,6.98932,7.65126,6067,0,,,,105,,,,
34219,Biblios,2007,513,6.98921,7.19459,18379,0,,,,126,,370,,
379629,Knarr,2023,514,6.98839,7.47094,7761,0,,,,107,,,,
368305,"Life of the Amazonia",2023,515,6.9881,8.09992,3350,0,,,,,,264,,
292375,"The Great Wall",2021,516,6.98801,7.79115,5125,0,,,,,,295,,
166669,"San Juan (Second Edition)",2014,517,6.98538,7.4387,7849,0,,,,,,337,,
1,"Die Macher",1986,518,6.9853,7.57555,5999,0,,,,,,296,,
265736,"Tiny Towns",2019,519,6.9851,7.1822,22263,0,,,,132,,,,
138161,"Firefly: The Game",2013,520,6.98433,7.38063,12585,0,,,,,,,144,
356033,"Libertalia: Winds of Galecrest",2022,521,6.98392,7.4374,8447,0,,,,109,,350,,
151347,"Millennium Blades",2016,522,6.98154,7.65534,5685,0,,,,,,317,92,
144592,"Bruxelles 1893",2013,523,6.98035,7.58918,5858,0,,,,,,308,,
420087,"Flip 7",2024,524,6.97794,7.22658,20319,0,,,,137,42,,,
71,Civilization,1980,525,6.9757,7.48765,7682,0,,,,,,357,,
150,PitchCar,1995,526,6.97536,7.27865,11690,0,,,,122,25,,,
325635,"Unmatched: Little Red Riding Hood vs. Beowulf",2020,527,6.97522,8.06959,3612,0,,,,,,310,,
262543,Wavelength,2019,528,6.97405,7.20111,18027,0,,,,,27,,,
355093,Woodcraft,2022,529,6.97258,7.5774,6110,0,,,,,,326,,
182134,"Evolution: Climate",2016,530,6.97228,7.44486,8541,0,,,,,,361,,
338834,"MicroMacro: Crime City – Full House",2021,531,6.97126,7.64071,5279,0,,,,101,,,,
229220,"Santa Maria",2017,532,6.97063,7.45506,7502,0,,,,,,339,,
156858,"Black Orchestra",2016,533,6.96968,7.49049,7347,0,,,,,,,115,
66188,Fresco,2010,534,6.96961,7.24017,13565,0,,,,129,,369,,
220,"High Society",1995,535,6.96846,7.19587,16281,0,,,,133,,,,
100901,"Flash Point: Fire Rescue",2011,536,6.96776,7.14476,25334,0,,,,145,,,172,
17392,"Here I Stand",2006,537,6.96716,7.87787,4032,0,,,,,,,,19
186751,"Mythic Battles: Pantheon",2017,538,6.96538,8.29956,3449,0,,,,,,318,,
170771,"Sword & Sorcery: Immortal Souls",2017,539,6.96451,7.86515,5389,0,,,,,,,86,
503,"Through the Desert",1998,540,6.96413,7.1835,16289,0,18,,,,,380,,
251658,Sprawlopolis,2018,541,6.96367,7.26652,12501,0,,,,131,,378,,
27162,Kingsburg,2007,542,6.96309,7.1657,20096,0,,,,139,,391,,
353288,"Trekking Through History",2022,543,6.96269,7.51387,6610,0,,,,108,,,,
18833,"The Lord of the Rings: The Confrontation",2005,544,6.96215,7.50621,6737,0,,,,,,345,,
54625,"Space Hulk (Third Edition)",2009,545,6.96195,7.53373,7238,0,,,,,,,109,
11,Bohnanza,1997,546,6.96086,7.07906,51046,0,,,,159,,,,
204305,"Sherlock Holmes Consulting Detective: Jack the Ripper & West End Adventures",2016,547,6.95923,7.55109,6514,0,,,,,,,112,
62222,"Commands & Colors: Napoleonics",2010,548,6.95877,8.04658,3525,0,,,,,,,,12
55670,Macao,2009,549,6.95794,7.40332,7660,0,,,,,,348,,
154809,Nippon,2015,550,6.9579,7.61563,5252,0,,,,,,312,,
192153,"Reign of Cthulhu",2016,551,6.95535,7.35552,11009,0,,,,,,406,146,
12942,"No Thanks!",2004,552,6.95514,7.08144,30391,0,,,,147,,,,
161614,Stockpile,2015,553,6.95503,7.418,7745,0,,,,,,356,,
158899,"Colt Express",2014,554,6.95237,7.09661,35168,0,,,,157,,,,
144189,"Fire in the Lake",2014,555,6.95217,8.06862,3326,0,,,,,,,,16
124708,"Mice and Mystics",2012,556,6.95215,7.2034,20479,0,,,,,,,166,
40765,"Clash of Cultures",2012,557,6.95162,7.56394,5947,0,,,,,,334,,
216600,"Fantastic Factories",2019,558,6.94705,7.40914,7918,0,,,,123,,366,,
264241,Mandala,2019,559,6.9464,7.43638,7121,0,13,,,117,,,,
205398,Citadels,2016,560,6.94388,7.23078,17089,0,,,,154,,,,
175095,"Dawn of the Zeds (Third Edition)",2016,561,6.94348,8.14649,3086,0,,,,,,,62,
359438,Skymines,2022,562,6.94341,7.92248,3602,0,,,,,,290,,
63628,"The Manhattan Project",2012,563,6.9434,7.30806,10140,0,,,,,,377,,
36932,Claustrophobia,2009,564,6.94297,7.46303,7174,0,,,,,,,124,
96913,Lancaster,2011,565,6.94137,7.3809,7887,0,,,,,,358,,
269144,Hadara,2019,566,6.94127,7.38278,8116,0,,,,,,363,,
11170,"Heroscape Master Set: Rise of the Valkyrie",2004,567,6.9412,7.45185,8417,0,,29,,,,,136,
290359,"Undaunted: North Africa",2020,568,6.94086,7.75334,4562,0,,,,,,,,53
121,Dune,1979,569,6.94018,7.58023,6003,0,,,,,,364,119,
256952,"Zombie Kidz Evolution",2018,570,6.93955,7.56831,6137,0,,,1,119,,,,
243,"Advanced Squad Leader",1985,571,6.93926,8.01392,3947,0,,,,,,,,18
215341,"Thunderstone Quest",2018,572,6.93861,7.71777,4808,0,,,,,,338,,
383607,Barcelona,2023,573,6.93786,7.72302,4462,0,,,,,,332,,
66362,"Glen More",2010,574,6.93692,7.29217,9484,0,,,,,,371,,
307002,Regicide,2020,575,6.93558,7.38801,8532,0,,,,134,,395,,
283393,Aquatica,2019,576,6.93552,7.35614,8390,0,,,,,,374,,
176396,Quadropolis,2016,577,6.93547,7.21065,13520,0,,,,140,,,,
295564,"Unmatched Game System",2019,578,6.93499,8.22998,2882,0,,,,95,,304,,
239942,"Black Rose Wars",2019,579,6.93463,7.89657,4350,0,,,,,,343,,
79828,"A Few Acres of Snow",2011,580,6.93383,7.36798,8114,0,,,,,,372,,92
353545,"Next Station: London",2022,581,6.93091,7.41547,7272,0,,,,125,,,,
256730,Pipeline,2019,582,6.93076,7.54628,5577,0,,,,,,351,,
478,Citadels,2000,583,6.92992,7.05389,57029,0,,,,183,,480,,
194607,"Mystic Vale",2016,584,6.92868,7.23362,12632,0,,,,,,410,,
43570,Friday,2011,585,6.92786,7.11097,23052,0,,,,,,449,,
242705,"Aeon Trespass: Odyssey",2022,586,6.92731,8.99428,2705,0,,,,,,,49,
169427,"Middara: Unintentional Malum – Act 1",2019,587,6.9272,8.505,2804,0,,,,,,,53,
15062,"Shadows over Camelot",2005,588,6.92704,7.09851,28456,0,,,,,,,179,
293296,"Splendor: Marvel",2020,589,6.92585,7.56128,6259,0,,,,128,,,,
180974,"Potion Explosion",2015,590,6.92395,7.12134,21848,0,,,,162,,,,
290236,Canvas,2021,591,6.9234,7.19568,16050,0,,,,156,,,,
20437,"Lords of Vegas",2010,592,6.92334,7.35463,8110,0,,,,,,381,,
98778,Hanabi,2010,593,6.92204,7.02983,52231,0,,,,178,,,,
270844,"Imperial Settlers: Empires of the North",2019,594,6.92055,7.38043,7980,0,,,,,,382,,
274960,"Point Salad",2019,595,6.91744,7.09228,23043,0,,,,163,,,,
5404,Amun-Re,2003,596,6.91612,7.2824,9577,0,,,,,,385,,
226522,"EXIT: The Game – Dead Man on the Orient Express",2017,597,6.9158,7.53622,5554,0,,,,118,,,100,
404431,Men-Nefer,2024,598,6.91354,8.16691,2807,0,,,,,,302,,
136063,"Forbidden Desert",2013,599,6.91272,7.06128,32742,0,,,,175,,,,
233312,"Stuffed Fables",2018,600,6.91171,7.40216,8206,0,,,,144,,,148,
137408,Amerigo,2013,601,6.91164,7.43221,6443,0,,,,,,367,,
162082,Deus,2014,602,6.91144,7.26328,9744,0,,,,,,392,,
25417,BattleLore,2006,603,6.91055,7.34828,9440,0,,,,,,,158,120
193042,"Junk Art",2016,604,6.9101,7.34814,8234,0,,,,136,24,,,
340466,Unfathomable,2021,605,6.90885,7.46479,7130,0,,,,,,,134,
157969,"Sheriff of Nottingham",2014,606,6.90855,7.04678,37779,0,,,,181,47,,,
21790,"Thurn and Taxis",2006,607,6.90849,7.09128,20820,0,,,,165,,439,,
150658,"Pandemic: The Cure",2014,608,6.90766,7.22949,11091,0,,,,151,,426,,
6249,Alhambra,2003,609,6.90751,7.03529,35488,0,,,,173,,465,,
83330,"Mansions of Madness",2011,610,6.90638,7.25182,14004,0,,,,,,,164,
240196,"Betrayal Legacy",2018,611,6.90568,7.64811,5353,0,,,,,,,128,
266830,QE,2019,612,6.90484,7.33185,7752,0,,,,135,,387,,
13,Catan,1995,613,6.90428,7.09126,141253,0,,,,208,,578,,
348450,Lacrimosa,2022,614,6.90226,7.62077,4921,0,,,,,,360,,
422732,"Agent Avenue",2024,615,6.90123,7.53293,5526,0,,,,130,,,,
454103,"Magical Athlete",2025,616,6.89936,7.88858,3691,0,,,,112,13,,,
191862,Imhotep,2016,617,6.89859,7.12394,16795,0,,,,164,,,,
17226,"Descent: Journeys in the Dark",2005,618,6.89851,7.27374,11875,0,,,,,,,160,
117959,"Las Vegas",2012,619,6.89606,7.18109,12347,0,,,,158,38,,,
105134,"Risk Legacy",2011,620,6.89565,7.34738,8865,0,,,,,,440,,
318009,"Dinosaur Island: Rawr 'n Write",2021,621,6.89473,7.65819,4558,0,,,,,,362,,
232414,Oceans,2020,622,6.89432,7.39521,7564,0,,,,,,407,,
712,"Blood Bowl (Third Edition)",1994,623,6.89393,7.55347,5703,0,,,,,,432,126,
245654,"Railroad Ink: Deep Blue Edition",2018,624,6.89184,7.14511,14727,0,,,,166,,,,
284435,"Nova Luna",2019,625,6.89152,7.2557,10070,0,23,,,153,,,,
336794,"Galaxy Trucker (Second Edition)",2021,626,6.8915,7.41108,6731,0,,,,142,,,155,
156009,"Port Royal",2014,627,6.8913,7.10334,19074,0,,,,170,,,,
142379,"Escape Plan",2019,628,6.89017,7.48115,5847,0,,,,,,379,,
197376,Charterstone,2017,629,6.88986,7.17714,15317,0,,,,,,457,,
9674,Ingenious,2004,630,6.88876,7.09554,17984,0,29,,,,,,,
144797,"Argent: The Consortium",2015,631,6.88622,7.5997,4725,0,,,,,,368,,
84419,"Space Empires 4X",2011,632,6.88454,7.72309,4274,0,,,,,,,,37
177639,Raptor,2015,633,6.88266,7.21188,10850,0,,,,,,437,,
387866,"Star Wars: Unlimited",2024,634,6.88057,8.05902,3123,0,,8,,,,,,
252328,"Star Wars: X-Wing (Second Edition)",2018,635,6.87948,8.02285,3360,0,,11,,,,,,70
371433,Terrorscape,2023,636,6.87948,8.10393,3191,0,,,,,,,97,
31999,TZAAR,2007,637,6.87843,7.66645,4137,0,6,,,,,,,
218074,"Detective: City of Angels",2019,638,6.87841,7.85632,3503,0,,,,,,,88,
196326,"Love Letter: Premium Edition",2016,639,6.87818,7.43067,6437,0,,,,150,26,,,
153938,"Camel Up",2014,640,6.87817,7.03052,29060,0,,,,188,,,,
62227,"Labyrinth: The War on Terror, 2001 – ?",2010,641,6.87795,7.56125,5198,0,,,,,,404,,66
97786,"Small World Underground",2011,642,6.87758,7.22079,11482,0,,,,168,,454,,
28023,Jamaica,2007,643,6.87703,7.06056,22179,0,,,,180,,,,
31730,"Wabash Cannonball",2007,644,6.87531,7.25515,8659,0,,,,,,411,,
128996,"1775: Rebellion",2013,645,6.87506,7.6276,4468,0,,,,,,,,52
91312,"Discworld: Ankh-Morpork",2011,646,6.87497,7.25747,10863,0,,,,,,,189,
146791,"Shadows of Brimstone: City of the Ancients",2014,647,6.87416,7.94409,4076,0,,,,,,,96,
280794,Etherfields,2020,648,6.87293,7.84263,4590,0,,,,,,,122,
18,RoboRally,1994,649,6.87287,7.04599,24440,0,,,,,,504,212,
245961,"Fleet: The Dice Game",2018,650,6.87182,7.6014,4505,0,,,,,,376,,
262215,"Blackout: Hong Kong",2018,651,6.87097,7.39349,6389,0,,,,,,397,,
133473,"Sushi Go!",2013,652,6.87058,6.98302,52024,0,,,,200,,,,
181530,"Runebound (Third Edition)",2015,653,6.86977,7.46842,6630,0,,,,,,,149,
381248,"Nemesis: Retaliation",2025,654,6.86879,8.74951,2320,0,,,,,,,66,
17405,"1846: The Race for the Midwest",2005,655,6.86824,7.86322,3216,0,,,,,,342,,
170624,"Crusaders: Thy Will Be Done",2018,656,6.86781,7.475,5381,0,,,,,,386,,
125618,Libertalia,2012,657,6.86773,7.1025,14738,0,,,,,,462,,
171668,"The Grizzled",2015,658,6.86678,7.11227,15523,0,,,,,,,185,
183251,Karuba,2015,659,6.86442,7.16323,11864,0,,,,172,,,,
119506,"Freedom: The Underground Railroad",2013,660,6.86424,7.56848,4648,0,,,,,,383,121,
296237,"Warp's Edge",2020,661,6.86407,7.64658,4385,0,,,,,,394,,
170561,"Valeria: Card Kingdoms",2016,662,6.86378,7.4279,6397,0,,,,155,,430,,
415776,"Kingdom Legacy: Feudal Kingdom",2024,663,6.86286,8.09028,2749,0,,,,,,346,76,
97842,"Last Will",2011,664,6.86223,7.16316,10963,0,,,,,,445,,
90419,"Airlines Europe",2011,665,6.861,7.29495,7601,0,,,,160,,420,,
406652,Compile,2024,666,6.86099,7.83964,3548,0,,15,,,,388,,
172308,"Broom Service",2015,667,6.86097,7.16954,11372,0,,,,171,,451,,
346965,"Azul: Queen's Garden",2021,668,6.8606,7.44138,6180,0,17,,,152,,,,
127398,"Legends of Andor",2012,669,6.85799,7.08455,20764,0,,,,,,,211,
163968,Elysium,2015,670,6.85795,7.18786,10152,0,,,,,,443,,
15985,"Blood Bowl: Living Rulebook",2004,671,6.85765,7.84536,3436,0,,,,,,,94,
284777,"Unmatched: Jurassic Park – InGen vs Raptors",2020,672,6.85734,8.10415,2871,0,,,,,,373,,
264055,Draftosaurus,2019,673,6.85717,7.08356,16706,0,,,,185,,,,
432,"Beat the Heat",1994,674,6.85693,6.98357,32435,0,,,,203,,,,
307305,Bullet♥︎,2021,675,6.85688,7.60601,4578,0,,,,146,,,,
206941,"First Class: All Aboard the Orient Express!",2016,676,6.85657,7.40303,5944,0,,,,,,400,,
2346,DVONN,2001,677,6.85653,7.44427,5713,0,11,,,,,,,
147949,"One Night Ultimate Werewolf",2014,678,6.85651,7.03219,30692,0,,,,,55,,,
248490,"Atlantis Rising (Second Edition)",2019,679,6.85542,7.48033,5307,0,,,,143,,408,,
221965,"The Fox in the Forest",2017,680,6.85499,7.05585,18153,0,,,,189,,,,
27173,Vikings,2007,681,6.85356,7.24093,8718,0,,,,,,435,,
341945,"La Granja: Deluxe Master Set",2023,682,6.85348,8.21499,2398,0,,,,,,336,,
133848,"Euphoria: Build a Better Dystopia",2013,683,6.85307,7.16454,11386,0,,,,,,466,,
102652,"Sentinels of the Multiverse",2011,684,6.85268,7.13316,16450,0,,,,,,,200,
4390,"Carcassonne: Hunters and Gatherers",2002,685,6.85136,7.13189,13727,0,,,,186,,,,
362944,"War of the Ring: The Card Game",2022,686,6.85122,7.6088,4775,0,,,,,,409,137,
65781,London,2010,687,6.8501,7.32031,6665,0,,,,,,413,,
328866,"My Father's Work",2022,688,6.8497,7.82862,3591,0,,,,,,,103,
475,"Taj Mahal",2000,689,6.84898,7.25277,8179,0,,,,,,433,,
22827,"StarCraft: The Board Game",2007,690,6.84793,7.36068,7757,0,,,,,,455,165,
265402,"In the Hall of the Mountain King",2019,691,6.84721,7.53726,5046,0,,,,,,405,,
15363,"Nexus Ops",2005,692,6.84661,7.21358,9331,0,,,,,,,174,157
213460,"Unlock!: Escape Adventures",2017,693,6.84637,7.32522,7017,0,,,,,,,147,
256999,"Project: ELITE",2020,694,6.84624,7.93229,3089,0,,,,,,,87,
34119,"Tales of the Arabian Nights",2009,695,6.84517,7.15532,13009,0,,,,,,,194,
304051,"Creature Comforts",2022,696,6.84502,7.41766,6468,0,,,,161,,,,
105551,Archipelago,2012,697,6.84468,7.26286,8534,0,,,,,,453,,
95527,Madeira,2013,698,6.84364,7.52589,4684,0,,,,,,389,,
151022,"Baseball Highlights: 2045",2015,699,6.84183,7.51503,4856,0,,,,,,417,140,
346501,"Mille Fiori",2021,700,6.84102,7.41822,5582,0,,,,149,,424,,
281655,"High Frontier 4 All",2020,701,6.83946,8.35549,2369,0,,,,,,352,75,
699,HeroQuest,1989,702,6.83922,7.22872,15020,0,,,,,,,218,
27746,Colosseum,2007,703,6.83847,7.20066,9257,0,,,,176,,459,,
216734,"Dice Throne: Season One",2018,704,6.83776,7.48626,6565,0,,,,179,,,,
232043,Queendomino,2017,705,6.83749,7.13675,11771,0,,,,187,,,,
133038,"Pathfinder Adventure Card Game: Rise of the Runelords – Base Set",2013,706,6.83487,7.15772,12917,0,,,,,,,190,
36553,"Time's Up! Title Recall!",2008,707,6.83438,7.665,3763,0,,,,,14,,,
371330,Luthier,2025,708,6.83396,8.2093,2420,0,,,,,,359,,
237179,"Weather Machine",2022,709,6.83395,7.68491,4098,0,,,,,,398,,
347703,"First Rat",2022,710,6.83292,7.5187,4681,0,,,,148,,414,,
193949,"Star Trek: Ascendancy",2016,711,6.83281,7.79431,3944,0,,,,,,,125,79
42215,Tobago,2009,712,6.83267,7.09464,12765,0,,,,191,,,,
131357,Coup,2012,713,6.8318,6.97473,51842,0,,,,,71,,,
130960,"Triumph & Tragedy: European Balance of Power 1936-1945",2015,714,6.82996,8.12812,2562,0,,,,,,,,10
46,Medici,1995,715,6.82888,7.18837,9017,0,,,,,,458,,
266121,"Unlock!: Heroic Adventures",2018,716,6.82789,7.5742,4228,0,,,,,,,120,
345868,Federation,2022,717,6.82747,7.82829,3254,0,,,,,,375,,
42052,Vinhos,2010,718,6.82633,7.46094,5064,0,,,,,,412,,
269511,"Cooper Island",2019,719,6.82456,7.55279,4452,0,,,,,,401,,
244115,"Shards of Infinity",2018,720,6.82441,7.43015,5738,0,,,,,,452,,
337765,"Brian Boru: High King of Ireland",2021,721,6.82438,7.4624,4875,0,,,,,,416,,
354570,"Undaunted: Stalingrad",2022,722,6.82437,8.54319,2000,0,,,,,,,,15
159508,AquaSphere,2014,723,6.82359,7.2456,7645,0,,,,,,456,,
111799,"Cuba Libre",2013,724,6.82246,7.65544,3851,0,,,,,,,,46
128780,"Pax Porfiriana",2012,725,6.82201,7.63025,3926,0,,,,,,399,,
369880,"Beer & Bread",2022,726,6.82111,7.31331,6799,0,,,,169,,467,,
58421,Egizia,2009,727,6.82099,7.37964,5585,0,,,,,,429,,
291845,"Three Sisters",2022,728,6.82065,7.52448,4599,0,,,,,,441,,
5782,Coloretto,2003,729,6.82039,6.98083,22693,0,,,,207,,,,
875,"Roads & Boats",1999,730,6.81939,7.69432,3558,0,,,,,,384,,
425549,"Moon Colony Bloodbath",2025,731,6.81795,7.65024,3941,0,,,,,,423,,
424219,Zenith,2025,732,6.81772,7.97007,3053,0,,,,,,403,,
355483,"Wandering Towers",2022,733,6.81697,7.33124,6385,0,,,,174,,,,
363247,"Azul: Master Chocolatier",2022,734,6.81621,7.86241,3261,0,9,,,138,,,,
23540,"Shikoku 1889",2004,735,6.8158,7.98937,2610,0,,,,,,365,,
298383,Golem,2021,736,6.81467,7.51202,4722,0,,,,,,422,,
190082,"Whitehall Mystery",2017,737,6.81233,7.519,4666,0,,,,,,460,,
329551,"Mosaic: A Story of Civilization",2022,738,6.81181,7.46823,5039,0,,,,,,434,,
192836,"The Colonists",2016,739,6.81123,7.53208,4463,0,,,,,,415,,
141572,Paperback,2014,740,6.80898,7.09135,11422,0,,,,204,,509,,
286063,"The 7th Citadel",2024,741,6.80718,8.34,2408,0,,,,,,,81,
244114,"Yellow & Yangtze",2018,742,6.80716,7.79481,3138,0,,,,,,390,,
39351,Automobile,2009,743,6.80683,7.32467,5964,0,,,,,,442,,
9625,"Struggle of Empires",2004,744,6.80612,7.52634,4412,0,,,,,,425,,
380619,"Cyclades: Legendary Edition",2024,745,6.80591,8.12159,2603,0,,,,,,393,,
370913,"Star Wars: The Clone Wars",2022,746,6.80543,7.52037,4921,0,,,,,,474,,
153016,"Telestrations: 12 Player Party Pack",2011,747,6.80505,7.73142,3443,0,,,,,18,,,
270673,"Silver & Gold",2019,748,6.80498,7.16319,8935,0,,,,190,,,,
224710,"Zombicide: Green Horde",2018,749,6.80386,7.67071,4683,0,,,,,,,151,
140603,"Francis Drake",2013,750,6.80157,7.37313,5454,0,,,,,,448,,
2398,Cribbage,1630,751,6.80149,7.12078,11034,0,55,,,210,,,,
123123,"BattleCON: Devastation of Indines",2013,752,6.79962,7.79349,3430,0,,,,,,418,,
30869,Thebes,2007,753,6.79958,7.11887,10257,0,,,,202,,,,
135779,"A Fake Artist Goes to New York",2011,754,6.7994,7.10832,10496,0,,,,,45,,,
298231,Skyrise,2024,755,6.79868,7.67873,3628,0,,,,,,421,,
113924,Zombicide,2012,756,6.79743,7.08726,19628,0,,,,,,,241,
328479,"Living Forest",2021,757,6.79533,7.22621,8083,0,,,,193,,,,
6472,"A Game of Thrones",2003,758,6.79391,7.16232,10730,0,,,,,,522,,190
403441,"Windmill Valley",2024,759,6.79337,7.71207,3436,0,,,,,,419,,
13004,"The Downfall of Pompeii",2004,760,6.79187,7.16261,8714,0,,,,199,,,,
334065,Verdant,2022,761,6.79145,7.2671,7229,0,,,,192,,,,
273330,"Bloodborne: The Board Game",2021,762,6.79108,7.72052,4362,0,,,,,,,143,
39938,"Carson City",2009,763,6.78959,7.19606,7544,0,,,,,,482,,
160010,Conan,2016,764,6.78846,7.62854,4830,0,,,,,,,145,
10547,"Betrayal at House on the Hill",2004,765,6.7884,7.00972,49693,0,,,,,,,304,
41,"Can't Stop",1980,766,6.78789,6.94431,21524,0,,,,217,,,,
262941,"Dominant Species: Marine",2021,767,6.78778,7.85498,2887,0,,,,,,396,,
143519,Quantum,2013,768,6.78769,7.22442,7937,0,,,,,,508,,
37904,"Formula D",2008,769,6.78765,6.98603,20548,0,,,,230,,,239,
135219,"The Battle of Five Armies",2014,770,6.78583,7.82364,3191,0,,,,,,,117,49
306040,"Merv: The Heart of the Silk Road",2020,771,6.78578,7.47721,4600,0,,,,,,444,,
42776,"Gears of War: The Board Game",2011,772,6.78472,7.46924,5246,0,,,,,,,152,
258036,"Between Two Castles of Mad King Ludwig",2018,773,6.78409,7.21943,7281,0,,,,197,,,,
155703,Evolution,2014,774,6.78377,7.00509,18017,0,,,,,,554,,
326494,"The Adventures of Robin Hood",2021,775,6.78237,7.42751,5137,0,,,,,,,169,
1353,"Time's Up!",1999,776,6.78113,7.2805,6227,0,,,,,33,,,
107529,"Kingdom Builder",2011,777,6.78097,6.93152,24852,0,,,,222,,556,,
171499,Cacao,2015,778,6.78096,7.07091,11775,0,,,,209,,,,
347305,"Inventions: Evolution of Ideas",2024,779,6.78074,7.91709,2863,0,,,,,,402,,
3685,"Hammer of the Scots",2002,780,6.78017,7.52364,4253,0,,,,,,,,61
24508,Taluva,2006,781,6.7797,7.13476,9112,0,35,,,,,513,,
368061,"Zoo Vadis",2023,782,6.77968,7.46619,4523,0,,,,,,475,,
399941,"River of Gold",2024,783,6.77882,7.56357,4010,0,,,,,,450,,
233247,"Civilization: A New Dawn",2017,784,6.77847,7.24191,7735,0,,,,,,510,,
209778,"Magic Maze",2017,785,6.77732,6.93795,23785,0,,,,229,61,,,
100423,"Elder Sign",2011,786,6.77729,6.96712,26227,0,,,,,,,244,
180593,"The Bloody Inn",2015,787,6.77703,7.07425,11140,0,,,,,,532,,
169255,"A Game of Thrones: The Card Game (Second Edition)",2015,788,6.77639,7.48381,5166,0,,17,,,,,,
300300,"Chronicles of Crime: 1400",2020,789,6.77599,7.6823,4414,0,,,,,,,142,
306881,"Railroad Ink Challenge: Lush Green Edition",2021,790,6.77596,7.56805,3805,0,,,,167,,468,,
361545,"Twilight Inscription",2022,791,6.77575,7.40638,5130,0,,,,,,476,,
204472,"Sub Terra",2017,792,6.77538,7.36307,6184,0,,,,,,,197,
174785,"Mare Nostrum: Empires",2016,793,6.77538,7.51317,4393,0,,,,,,463,,97
3201,"Lord of the Rings: The Confrontation",2002,794,6.77407,7.22049,7206,0,,,,,,502,,
283864,"Trails of Tucana",2019,795,6.77308,7.36014,5256,0,,,,184,,,,
300905,"Top Ten",2020,796,6.77204,7.38629,5123,0,,,,,29,,,
205359,"Star Wars: Destiny",2016,797,6.76924,7.41153,5639,0,,32,,,,,,
316624,Stationfall,2023,798,6.76779,7.7053,3378,0,,,,,,,133,
270239,Moonrakers,2020,799,6.7673,7.69553,4045,0,,,,,,505,193,
21763,"Mr. Jack",2006,800,6.76667,6.96052,18964,0,,,,,,568,,
218603,Photosynthesis,2017,801,6.76496,6.92939,25804,0,62,,,237,,,,
163166,"One Night Ultimate Werewolf: Daybreak",2015,802,6.76492,7.27973,6457,0,,,,,40,,,
202670,"Ticket to Ride: Rails & Sails",2016,803,6.76463,7.42941,5344,0,,,,194,,,,
212445,"Blood Bowl (2016 Edition)",2016,804,6.76457,7.96814,2813,0,,,,,,,123,
266164,Babylonia,2019,805,6.76452,7.62351,3400,0,,,,,,436,,
338957,"Caesar!: Seize Rome in 20 Minutes!",2021,806,6.76446,7.50622,4085,0,,,,,,470,,
163839,Feudum,2018,807,6.76298,7.5833,4284,0,,,,,,472,,
346703,"7 Wonders: Architects",2021,808,6.76226,7.0321,13556,0,,,,220,,,,
121408,Trains,2012,809,6.76139,7.1157,8712,0,,,,,,517,,
296912,Fort,2020,810,6.76069,7.05882,11746,0,,,,,,551,,
132018,Churchill,2015,811,6.7604,7.6663,3438,0,,,,,,464,,45
69789,"Ascension: Deckbuilding Game",2010,812,6.75962,7.04514,14151,0,,,,,,583,,
279613,"Unlock!: Timeless Adventures",2019,813,6.75884,7.72108,3081,0,,,,,,,114,
193558,"The Oracle of Delphi",2016,814,6.7571,7.29829,5512,0,,,,,,486,,
214880,"Chicago 1875: City of the Big Shoulders",2019,815,6.75528,7.76029,3008,0,,,,,,428,,
283863,"The Magnificent",2019,816,6.75512,7.47558,4247,0,,,,,,469,,
29603,"D-Day at Omaha Beach",2009,817,6.75243,8.305,2085,0,,,,,,,,4
1513,"The Republic of Rome",1990,818,6.75204,7.53717,4317,0,,,,,,497,,
2955,Mexica,2002,819,6.75191,7.23863,6338,0,,,,,,499,,
113294,"Escape: The Curse of the Temple",2012,820,6.7511,6.94965,17537,0,,,,241,,,,
254708,"Roll Player Adventures",2021,821,6.7511,8.11253,2392,0,,,,,,,98,
284760,"Disney Villainous: Evil Comes Prepared",2019,822,6.74902,7.48447,4956,0,,,,205,,,,
242639,"Treasure Island",2018,823,6.74901,7.19887,7071,0,,,,212,,,202,
249381,"The Estates",2018,824,6.74858,7.42465,4323,0,,,,,,477,,
88,Torres,1999,825,6.74712,7.07827,10070,0,34,,,,,541,,
180511,Shakespeare,2015,826,6.74609,7.40162,4615,0,,,,,,484,,
231581,AuZtralia,2018,827,6.74604,7.33044,5256,0,,,,,,498,,
301255,"Whistle Mountain",2020,828,6.74576,7.51132,3887,0,,,,,,471,,
220517,"The Shipwreck Arcana",2017,829,6.74535,7.40264,4555,0,,,,,,503,,
198953,"Pax Renaissance",2016,830,6.74501,7.96196,2551,0,,,,,,431,129,
148729,Maquis,2013,831,6.74471,7.45291,4433,0,,,,,,514,175,
318560,Witchstone,2021,832,6.74394,7.49572,4010,0,,,,,,479,,
183840,"Oh My Goods!",2015,833,6.74376,6.9922,13750,0,,,,,,580,,
123540,Tokaido,2012,834,6.74141,6.91134,28556,0,,,,274,,,,
444481,"Star Wars: Battle of Hoth",2025,835,6.74091,7.96737,2659,0,,,,,,,,55
71721,"Space Hulk: Death Angel – The Card Game",2010,836,6.74082,7.00727,13710,0,,,,,,,236,
58281,"Summoner Wars",2009,837,6.73926,7.21591,6782,0,,35,,,,,,
331787,"Tiny Epic Dungeons",2021,838,6.73917,7.44681,5589,0,,,,,,572,213,
167400,"Ashes Reborn: Rise of the Phoenixborn",2015,839,6.73906,7.30688,6392,0,,36,,,,,,
30380,Cuba,2007,840,6.73875,7.11753,8494,0,,,,,,531,,
119432,Snowdonia,2012,841,6.73834,7.30008,5147,0,,,,,,490,,
50750,Belfort,2011,842,6.73511,7.19606,6517,0,,,,,,525,,
156336,"Onirim (Second Edition)",2014,843,6.73441,7.03481,11143,0,,,,243,,591,,
7717,"Carcassonne: The Castle",2003,844,6.73432,7.10425,8686,0,,,,221,,552,,
241590,Smart10,2017,845,6.73257,7.44259,4247,0,,,,196,30,,,
267609,"Guards of Atlantis II",2022,846,6.73198,8.34693,2044,0,,,,,,427,,
363307,Evergreen,2022,847,6.7319,7.44653,4247,0,,,,195,,,,
440540,"Take Time",2025,848,6.73108,7.75854,3068,0,,,,182,,,,
168584,"Love Letter: Batman",2015,849,6.73086,7.27462,5850,0,,,,216,,,,
154825,Arkwright,2014,850,6.72993,7.78909,2742,0,,,,,,447,,
257501,"KeyForge: Call of the Archons",2018,851,6.72984,7.06682,11746,0,,47,,,,,,
20100,"Wits & Wagers",2005,852,6.72977,6.92714,16064,0,,,,,62,,,
183562,"Star Wars: X-Wing Miniatures Game – The Force Awakens Core Set",2015,853,6.72958,7.70204,3216,0,,13,,,,,,
213893,Yamataï,2017,854,6.7289,7.16702,7005,0,,,,,,538,,
244608,Menara,2018,855,6.72848,7.41172,4291,0,,,,198,,,,
1465,Wizard,1984,856,6.72825,7.0006,13473,0,,,,254,,,,
280480,"Crystal Palace",2019,857,6.72818,7.50096,3806,0,,,,,,481,,
299169,Spicy,2020,858,6.72605,7.15872,7781,0,,,,,53,,,
358320,"Sleeping Gods: Distant Skies",2023,859,6.726,8.3304,1958,0,,,,,,,113,
70512,Luna,2010,860,6.72597,7.27383,5294,0,,,,,,507,,
238799,"Messina 1347",2021,861,6.72576,7.493,3888,0,,,,,,485,,
203416,"EXIT: The Game – The Pharaoh's Tomb",2016,862,6.72515,7.13198,6990,0,,,,,,,186,
45,Perudo,1800,863,6.72419,6.9273,16781,0,,,,266,68,,,
126792,Myrmes,2012,864,6.72389,7.25135,5740,0,,,,,,519,,
146278,"Tash-Kalar: Arena of Legends",2013,865,6.72378,7.14414,7431,0,50,,,,,547,,
270970,"Century: A New World",2019,866,6.72293,7.27332,5563,0,,,,211,,530,,
394106,"Everdell Farshore",2023,867,6.72277,7.83182,2858,0,,,,177,,492,,
483,Diplomacy,1959,868,6.72203,7.03493,13887,0,,,,,,661,,270
143741,"BANG! The Dice Game",2013,869,6.72061,6.87671,26291,0,,,,,78,,,
281442,"Trismegistus: The Ultimate Formula",2019,870,6.71998,7.54852,3859,0,,,,,,488,,
165401,"Wir sind das Volk!",2014,871,6.71997,7.76057,2801,0,,,,,,461,,40
299684,"Khôra: Rise of an Empire",2021,872,6.7186,7.37157,4722,0,,,,,,516,,
256788,"Detective Club",2018,873,6.71838,7.35778,4841,0,,,,,37,,,
121288,"Dixit: Journey",2012,874,6.7165,7.38029,4719,0,,,,,35,,,
158435,"Dogs of War",2014,875,6.71563,7.52265,3656,0,,,,,,491,,
20963,"Fury of Dracula (Second Edition)",2005,876,6.71525,7.07992,9447,0,,,,,,,223,
232219,"Dragon Castle",2017,877,6.71494,7.09757,8319,0,46,,,232,,,,
316546,"Clever Cubed",2020,878,6.71327,7.46725,3857,0,,,,201,,,,
255692,"New Frontiers",2018,879,6.71277,7.38527,4272,0,,,,,,506,,
134726,"Smash Up: Awesome Level 9000",2013,880,6.71268,7.20776,7197,0,,,,242,,593,,
11825,"Empire of the Sun: The Pacific War 1941-1945",2005,881,6.71228,8.25701,2161,0,,,,,,,,8
351817,"Marvel Zombies: A Zombicide Game",2023,882,6.71164,7.935,2786,0,,,,,,,138,
434906,"Tag Team",2025,883,6.71144,7.67197,3212,0,,,,206,,,,
143515,"Coal Baron",2013,884,6.7111,7.26167,5363,0,,,,,,529,,
223770,Startups,2017,885,6.71077,7.17887,6414,0,,,,226,,,,
73761,K2,2010,886,6.70962,6.99726,10993,0,,,,262,,,249,
2453,Blokus,2000,887,6.70942,6.86099,29477,0,61,,,,,,,
15512,Diamant,2005,888,6.7092,6.84729,23996,0,,,,279,70,,,
168435,"Between Two Cities",2015,889,6.70848,6.96766,11778,0,,,,260,,,,
242574,"Century: Eastern Wonders",2018,890,6.70807,7.0989,8013,0,,,,233,,,,
367518,"Imperium: Horizons",2024,891,6.70776,8.49362,1714,0,,,,,,438,,
40628,Finca,2009,892,6.70759,7.06931,8386,0,,,,234,,,,
72321,"The Networks: Primetime",2016,893,6.70571,7.1316,6896,0,,,,,,567,,
264052,"Circadians: First Light",2019,894,6.70438,7.52043,3575,0,,,,,,495,,
21882,"Blue Moon City",2006,895,6.70426,7.03913,8991,0,,,,246,,585,,
241724,Villagers,2019,896,6.70389,7.10675,8223,0,,,,252,,589,,
226320,"My Little Scythe",2018,897,6.70387,7.19999,6328,0,,,,228,,,,
253499,"A War of Whispers",2019,898,6.70351,7.28557,5180,0,,,,,,545,,
162007,"Steampunk Rally",2015,899,6.7026,7.13131,7167,0,,,,240,,584,,
244331,"Blue Lagoon",2018,900,6.70242,7.20484,5780,0,27,,,218,,,,
65532,"Defenders of the Realm",2010,901,6.702,7.26565,5550,0,,,,,,,196,
382843,Evacuation,2023,902,6.70123,7.49152,3677,0,,,,,,501,,
87890,Prêt-à-Porter,2010,903,6.70079,7.26304,5253,0,,,,,,537,,
218333,"Rhino Hero: Super Battle",2017,904,6.70076,7.20673,5950,0,,,9,223,,,,
16747,"Tumblin' Dice",2004,905,6.70065,7.25828,5135,0,,,,215,41,,,
51,"Ricochet Robots",1999,906,6.70021,7.03758,9714,0,51,,,,,,,
314503,"Codex Naturalis",2021,907,6.70018,7.21985,6281,0,,,,227,,,,
244228,Reef,2018,908,6.69994,6.99606,10432,0,,,,257,,,,
372559,Spots,2022,909,6.69968,7.12765,7457,0,,,,248,,,,
393672,"Gloomhaven: Buttons & Bugs",2024,910,6.69922,7.50789,3920,0,,,,,,550,,
276498,"Paris: La Cité de la Lumière",2019,911,6.69892,7.21633,6094,0,32,,,,,,,
181521,"Warhammer Quest: The Adventure Card Game",2015,912,6.69858,7.30428,5631,0,,,,,,,195,
155624,"Specter Ops",2015,913,6.69846,7.1493,6607,0,,,,,,573,208,
422541,"Star Trek: Captain's Chair",2025,914,6.69809,8.66454,1587,0,,,,,,446,105,
173064,"Leaving Earth",2015,915,6.69697,7.7081,3009,0,,,,,,512,154,
373600,"Cthulhu: Death May Die – Fear of the Unknown",2024,916,6.69689,8.73088,1547,0,,,,,,,89,
358737,"Leviathan Wilds",2024,917,6.69534,7.87271,2507,0,,,,,,489,141,
393325,"Captain Flip",2024,918,6.69522,7.1455,6767,0,,,,231,,,,
8125,Santiago,2003,919,6.69363,7.19023,5721,0,,,,,,543,,
303731,"Primal: The Awakening",2024,920,6.6935,8.55635,1832,0,,,,,,478,106,
150997,"Shadows of Brimstone: Swamps of Death",2014,921,6.69297,8.01311,2520,0,,,,,,,130,
15364,"Vegas Showdown",2005,922,6.6929,7.13494,6524,0,,,,,,566,,
300877,"New York Zoo",2020,923,6.69265,7.0044,10032,0,,,,259,,,,
342444,"Black Rose Wars: Rebirth",2023,924,6.69253,8.39709,2047,0,,,,,,483,,
169654,"Deep Sea Adventure",2014,925,6.69149,6.87029,20694,0,,,,288,,,,
22345,Yspahan,2006,926,6.69024,7.04332,8278,0,,,,,,579,,
73171,"Earth Reborn",2010,927,6.6902,7.59404,3389,0,,,,,,,159,
160495,ZhanGuo,2014,928,6.68991,7.5247,3376,0,,,,,,493,,
214887,"CO₂: Second Chance",2018,929,6.68935,7.47614,3747,0,,,,,,520,,
352418,Fliptown,2023,930,6.68898,7.74815,2703,0,,,,,,500,,
68425,"Eminent Domain",2011,931,6.68888,6.96394,10726,0,,,,,,608,,
9823,"Advanced Squad Leader: Starter Kit #1",2004,932,6.68853,7.8411,2776,0,,,,,,,,27
214029,"SpaceCorp: 2025-2300AD",2018,933,6.68846,7.6672,3032,0,,,,,,511,,
407297,"River Valley Glassworks",2024,934,6.68822,7.309,4880,0,37,,,224,,,,
387780,"Rats of Wistar",2023,935,6.68755,7.47775,3726,0,,,,,,521,,
313889,"Hoplomachus: Victorum",2023,936,6.68697,8.34015,1896,0,,,,,,473,,
181687,"The Pursuit of Happiness",2015,937,6.68621,7.15168,6210,0,,,,236,,,215,
204516,"878 Vikings: Invasions of England",2017,938,6.68484,7.47511,3811,0,,,,,,,,94
198740,"Lovecraft Letter",2017,939,6.684,7.22193,5722,0,,,,251,52,,,
220520,"Caverna: Cave vs Cave",2017,940,6.68389,7.07756,7337,0,,,,,,587,,
251678,"Railroad Ink: Blazing Red Edition",2018,941,6.68138,7.05668,7876,0,,,,261,,,,
256382,"Disney Villainous: The Worst Takes it All",2018,942,6.68002,6.91139,22732,0,,,,309,,,,
116998,"Thunderstone Advance: Towers of Ruin",2012,943,6.67944,7.31133,4802,0,,,,,,562,,
47185,"Warhammer: Invasion",2009,944,6.67926,7.23295,6144,0,,39,,,,610,,
200147,Kanagawa,2016,945,6.67912,7.00203,9624,0,,,,275,,,,
357873,"The Old King's Crown",2025,946,6.67894,8.09346,2344,0,,,,,,494,,
31563,"Middle-Earth Quest",2009,947,6.67868,7.38266,4291,0,,,,,,,178,
332290,"Stardew Valley: The Board Game",2021,948,6.67765,7.40369,4928,0,,,,,,,260,
256570,"Crown of Emara",2018,949,6.67683,7.34922,4198,0,,,,,,535,,
3307,Wallenstein,2002,950,6.67638,7.45068,3700,0,,,,,,523,,100
218121,"Dice Hospital",2018,951,6.67631,7.0952,7101,0,,,,256,,613,,
198830,"Heroes of Land, Air & Sea",2018,952,6.67587,7.5536,3509,0,,,,,,539,,198
239472,"Abomination: The Heir of Frankenstein",2019,953,6.67543,7.44068,3915,0,,,,,,555,180,
294612,"Unlock!: Epic Adventures",2019,954,6.67529,7.64948,2830,0,,,,,,,139,
201825,"Ex Libris",2017,955,6.67529,7.10941,6979,0,,,,,,612,,
249277,"Brazil: Imperial",2021,956,6.67385,7.5141,3855,0,,,,,,557,,
359970,Challengers!,2022,957,6.67379,7.06133,8084,0,,,,268,57,,,
161417,Red7,2014,958,6.67327,6.85983,17290,0,,,,293,,,,
338760,"Imperial Steam",2021,959,6.67299,7.72407,2641,0,,,,,,487,,
231218,"Black Sonata",2017,960,6.67251,7.46726,3707,0,,,,,,563,,
254386,"Raccoon Tycoon",2018,961,6.67237,7.21124,5652,0,,,,250,,611,,
285984,"Last Bastion",2019,962,6.67152,7.44115,3951,0,,,,,,582,,
156943,"Saint Petersburg (Second Edition)",2014,963,6.67131,7.44799,3582,0,,,,,,527,,
194879,"Not Alone",2016,964,6.66819,6.9552,11915,0,,,,,,668,,
271319,"Las Vegas Royale",2019,965,6.66703,7.45863,3569,0,,,,213,,,,
179172,Unfair,2017,966,6.66678,7.28341,5639,0,,,,,,619,246,
203417,"EXIT: The Game – The Secret Lab",2016,967,6.66677,7.04304,7368,0,,,,272,,,220,
43528,"World Without End",2009,968,6.66641,7.21748,5227,0,,,,,,576,,
171273,FUSE,2015,969,6.6663,6.98537,9231,0,,,,282,,,,
55600,Shipyard,2009,970,6.66625,7.31476,4227,0,,,,,,540,,
277700,"Merchants Cove",2021,971,6.66613,7.39409,4111,0,,,,,,561,,
272739,"Clinic: Deluxe Edition",2019,972,6.66314,7.56852,3113,0,,,,,,518,,
234477,"Battle for Rokugan",2017,973,6.6627,7.3937,4213,0,,,,,,574,,177
162286,"Super Motherload",2015,974,6.66192,7.32123,4213,0,,,,,,558,,
175117,Celestia,2015,975,6.66147,6.91842,12705,0,,,,292,,,,
2163,"Space Hulk",1989,976,6.66025,7.48922,3937,0,,,,,,,184,117
170416,"Vast: The Crystal Caverns",2016,977,6.65978,7.08747,7322,0,,,,,,638,247,
217780,Gentes,2017,978,6.65948,7.368,3868,0,,,,,,542,,
173442,"Empires: Age of Discovery",2015,979,6.65814,7.81495,2373,0,,,,,,496,,
131287,Panamax,2014,980,6.65805,7.2969,4238,0,,,,,,553,,
447243,"Duel for Cardia",2025,981,6.65755,7.53475,3342,0,,,,219,,571,,
354544,"Unmatched: Houdini vs. The Genie",2022,982,6.65754,8.2081,1961,0,,,,,,534,,
329845,"Stella: Dixit Universe",2021,983,6.65741,7.27919,4639,0,,,,235,43,,,
281549,Beast,2023,984,6.65686,7.44098,4207,0,,,,,,592,217,
131260,Qwixx,2012,985,6.6565,6.87331,15400,0,,,,303,,,,
393429,"Critter Kitchen",2025,986,6.65632,7.81509,2722,0,,,,214,,,,
385331,"Creature Caravan",2024,987,6.65597,7.80034,2428,0,,,,,,524,,
297129,"Jekyll vs. Hyde",2021,988,6.65567,7.17396,5445,0,,,,255,,,,
56692,Parade,2007,989,6.65475,6.99402,8581,0,,,,285,,,,
160499,"King of New York",2014,990,6.65474,6.86067,17279,0,,,,312,,,,
30645,"Tammany Hall",2007,991,6.65466,7.25848,4615,0,,,,,,586,,
270314,Ohanami,2019,992,6.65444,7.26324,4645,0,,,,239,,,,
387378,"MLEM: Space Agency",2024,993,6.65406,7.15922,5865,0,,,,267,,,,
227460,"Hannibal & Hamilcar",2018,994,6.65397,8.25824,1898,0,,,,,,,,20
275467,"Letter Jam",2019,995,6.65385,7.13994,5595,0,,,,258,,,,
267319,Roam,2019,996,6.65253,7.26636,4655,0,,,,249,,,,
192457,"Cry Havoc",2016,997,6.65249,7.08939,7118,0,,,,,,621,,294
377470,Sail,2023,998,6.65216,7.26612,4493,0,,,,245,,596,,
219215,Werewords,2017,999,6.65141,7.10257,6216,0,,,,,49,,,